username1,meta1
Moprah11,0
Asoka Kumarasiri,1
RoyJonesJrFan22,0
Tehe787878878,0
Fart112,0
Omish Mon,0
Ruthuparna,1
VnadlaismMsutSotp,1
Gjtitjg,0
Dumbfuxxor4,0
BernardTWard,0
Nutellamaster,1
Morganfreemanracist,0
TigerCubs787,0
Swag696969,0
Vendetta0000,0
DickMcMillan,0
Masternumber11,0
Flobadobalob1,0
Davidsonsthomas256,1
MessyLake79,0
Chaveezy,0
Ryanvin10,0
SRussell23,1
Slayer 73,0
Sambolambo,0
Jemal420,0
Jemal422,0
DonaldDuckis2gangsta,0
Vandulizewlklp3diaerticles,0
Vincent8897,0
Its over 9000000,0
123456abdefg,0
Ccervasio,0
Noahx12,0
Meaghan369,0
Imaboss12,0
Niqaluva,0
Cadeb13,0
Elf 1982,0
Mateom99,0
Timbocales,0
Trollbrohno,0
Perfectchaos80,0
Havokonfire,0
Wadkjweqkjfgbwe,0
Nonoffensive543,0
Joshdroid101,0
Mileytwerkedonrobinthicke,0
Bomb.at16,0
Aitheshaam,0
Croughford,1
덕성여자대학교,0
Rosenarying,1
Semencannon23,0
Republican5555,0
Kandyciss,0
Anal Intruder,0
Cows12345,0
Hooppoopmooper,0
YippyYippyMan,0
Gravenor,0
Hitlah did nothin wrong,0
Cloakandswagger,0
Macman314,0
Rimshot712,0
Flatus Unchained,1
Travistaulbee1,0
Sakthi palanivel,0
Roteran,1
The sniffer of stuff,0
Stonedashellforever,0
Clairbear999,0
John Muir R.I.P,0
PoodehCP,0
Gayspray5000,0
Larrycooties,0
Sweetlouis,0
BabeSlayer,0
TheEditor273,0
CaptainUrinal,0
Tataisbeast,0
Jivecat101,0
Redux23,0
בנימין אזולאי,0
Therealsosa,0
Wantthetruthigotthetruth,0
BlazersROCK,0
NintendoRocks44,0
Ryanbrechin,0
Spongeevan,0
The Mechanic historian,0
Mierda1400,0
That1 fatguy,0
Natalia12344,0
Baxterblue,0
BossDonte,0
Leagueofxboxone,0
Shockslasher2,0
Hiiiiiii im sheldon coooooper,0
Rahul is a lala,0
Oworthington,0
Messaboutaccount,0
Johnnysimms,0
Bensonkelvin,0
Ehines1111111,0
ThugLyife,0
Cheese buffalo peter,0
Strababla,0
Deano125,0
Zz205joseph,0
AlphaCrest,0
Saske678,0
Lieutenantcrap,0
Tommytrash14,0
Flair097,0
Iamisaacs,0
JIGSAW 4,0
Iain'tnohollabackgirl,0
Christianknillisawesome123,0
Whelpingsam,0
Peblilco,0
ANONYMOUS HABBO,1
Truthbetold1234567,0
Andrew Burchett,0
Jmarx722,0
Swings456,0
Hjjhbdjxjx,0
Minhtuan69,0
LEONALDRICK,0
Nice person 83,0
Alialialialidog,0
Awestrucked,0
SwiftKey12345,0
GrizzBB,0
DingoDash,0
Sexychick102311,0
Danikful,0
Heretomessstuffup,0
Master Daiundi,0
ShawnEa2,0
Xurbanrat,0
TheEvilHistoryRewriter,0
Lexusnexus123,0
Xtremest1332,0
Huxyboy,0
XdoomdragonX,0
Amazinqnarry,0
Direction666,0
Yellowmazzymoo,0
Llee3629,0
Jerome2013,0
Harrymuir,0
Rrcampbell,0
Payachio,1
Tommyjoerichardson,0
RANDALL SNAKE,0
ImOnGallifrey,0
Cmbswims,0
Kazzalove,0
Awefgdg,0
Philo.atef,0
Unorginal4,1
Psih8u,0
Mrduckbringer,0
Randommuser123,0
Steve jobs111,0
Jemal421,0
MrMeatMan,0
Thisisrilind,0
Mynameismax,0
Hzbzhb,0
Ganthony4186,0
COLINPASCOESMUM,0
Rhrrthybt,0
Yeuhyeuh,0
SuperDKing1999,0
Tommio6900,0
Roryforygory,0
Seashell Bay,0
Zeusman6,0
PyrioEdits,0
Becca chadwick,0
GingerCookie,0
Priya jain1002001,0
Dawgs29,0
Mesohexxie1997,0
Abutalibsyed,0
Smileythepi2,0
Smileythepi,0
Nowiknow132,0
Owenhawkins291298,0
Mahansmells,0
69batmanyolo,0
Editstuff111,0
RATMRYAN,0
Woody5244,0
JWEandMMY,1
Slim6789,0
Lil B69,0
Sillywilly1233,0
Got that LSD,0
IM AN OTAKU,0
Natetolo,0
Sloth booobs,0
Jehhxxinswiminweuub,1
Loganmq,0
Tomgiggle,0
Liverpoolfcboiz,0
Dooha86,0
Iloveakbar,0
"Jfas,jn,jasfnjdsldzvnj,",0
Doctorsherlockofwholocks,0
Braydanvm11,0
Aan10akbar,0
Joeyfareham,0
Dontbescaredhomie544,0
Campbellsound,0
Hoju69,0
Poon smash,0
Ecspertoneverything,0
Qwerty351,0
Qwerty352,0
BudderMudkipPies,0
Efwqfqrqweq232q32q3,0
Breelin,0
Trolollllll,0
Saskia82161,0
Thebazzinater,0
KingsLAD321,0
Seemoar.buttz,0
Lololohk,0
Lpuscollege,0
Chezdoodlezzzz,0
HenryRodruiguiz,0
DonaldArraya,0
BradleyMorganPierce,0
Laylaeccleston,0
Smithswife1982,0
Doctorlotlot,0
Thejoycester,0
Wackyjacky112,0
Neilopati,0
2514744않습,1
Aykae,0
I Give No Fucks,0
EditTrollingMaster,0
Babydick3,1
Fincheyboy,0
Gregwallace99,0
Valeraikoh,0
Kamlesh kumar vaghana,1
Devendra921205,0
Thtrhrthw,0
공익광고협의회,0
Blazeryolo404,0
Anonymous5th,0
George Livaditis,0
Coronadodevaco,0
Caylynnelizabeth,0
Bobsinger4123,0
"Seuss, Doctor",0
2545as21231,0
AndrewTheNormal,0
4thebird,1
WhovianGirl4Christ,0
SeahawksFan1,0
1dismine,0
Joodiixo,0
Steelers995,0
Codygeorgia,0
RonaldClownsterMcDonaldHater,1
Maddie May is Smart,0
Shorsho,0
Boss Around The World,0
Kamel86969,1
Bwttruman,0
Sreaper12,0
Senortroll,0
Editmaster510,0
Getaxle,0
GazWoodz,0
XXTrolololoXx,0
123456POKEMON,0
Unseemly Tractor,1
Cokeandsoda1234,0
Highlandfalls,0
Tuuurry,0
Awsomedude1441,0
Shoun Sarwade,0
Patricknoel561,0
CA41319,0
Jimbojones1922,0
MsBlondHairBlueEyes,0
NintendoE32013,0
Kayleehenderson1,0
Chris1612,0
Saifisstupid,0
Ghtyghjhb,0
Fefsf,0
Bloodxcaptain,0
SeanMacRae,0
Permanentderpface,0
Fwilc2,0
Bob2323bob,0
Maytlyn Anne Pfaff,1
Lastnovember,0
Kaceforkevin,0
Househomer,0
Geoff69forever,0
NimrodSakiwat,0
TheAsianPotatoMan,0
Nickjoes0219,0
Ammenduh,0
Denden0019,0
FredDSalient,0
CTank2000,0
Princepringle7,0
Markco1000,0
Macspourlikeaboss,0
Followertotheoverlord,0
SupermassiveBH,0
Jomamma713,0
XxSweetButterxx,0
AndreasBauer1,0
Alex Brooker,0
Lewis1266,0
Bubblegoose71,0
Mariowontlose,0
Hebster1,0
Lalalalalovebieber,0
Loganjarrett123,0
Mathew Hatchett,0
Ilikepieandstuff,0
Wimbush13,1
CrystalTroll,1
Dr. Doughdee,0
Kay love1929,0
SCREAM4567,0
Brodie98,0
Blackie1077,0
Jeffreyloh,0
Shaun101wilson,0
Scoolsux,0
Trainspotter815,0
Hollyfan103,0
Aviadc90,0
Beansheep,0
Seaniskool,1
Big d rock,0
Balz1234,0
Swagbby,0
Boobladz,0
RMTANK,1
Jazzadog,0
Rehansd,0
Mondayits,0
S.bekahhensley,0
Chammoro2000,0
Eeeeeagle,0
Skuxxghee,0
434wassup,0
Mleontaris,1
CurlyMadness,0
SirPanda7,0
Nick powel,0
Hahahaduh,0
WhiteGrams,0
Djrap13,0
1dand5soslove,0
Horse poop is lame,0
Nicholascorredor,0
Arcaxci,0
Tupac Eazy-E Niga,1
Zayninsanee,0
Afghanistan101,0
Fluttershy512,0
Flutttershy1,0
ItsCaptainObvious,0
Justintime546,0
Blondie07,0
Trolomaster,0
Fetusliimp,0
Weirdogurl18,0
JuanKipper,0
Chris13467881,0
8skh8,0
Eatingasianpussy,0
Ahmed Afzal CR7,0
GOOCHMANE,0
=jhjghjghjgh,0
Buggykid56,0
OMGIDGAF,0
Tysondeath111,0
Lordflaco,0
Fufufufufufufufufuufufuf,0
Abidmadul,0
Dhalldog,0
Johnny the knowledger,0
대우건설,0
Analrapist99,0
Thatepicperson,0
Mistarantis,0
IDropBabies,0
Osama hussain aatish khan,0
Alihewitt87,0
K.mcc11,0
Nutash Maria,0
Trackformer,1
The Humbler,1
Sasdfafasw,0
Sallymccoistsleftone,0
Johntomney,0
Agreco16,0
Spikey128,0
Deidaraaaaaaa,0
JohnRomeroisdead,0
Bluepotato99,0
Bobbet52,0
Laylsipops,0
TheAznGod,0
Weinsteiners,0
DMMacdonald96,0
Gster3636,0
Drs1892,0
Eshays4life,0
XXSNIPERMASTUR117Xx,0
Warmholes,0
Ryan032sucks,0
Whoflungpoobythelooboodoo,0
Kareem M.,0
Powbot,0
Gavinswildlife,0
Alecbowman666,0
Swegboy99,0
TheAlmightyVox,0
Poppysean,0
Unknown973,0
"Carny ""Karper"" Hopples",1
Duffywba,0
Alagherii,0
Evseevstepan99,0
Hsimon8,0
Dramadramadrama,1
Joannamurawska,0
GrandMasterEl,0
Muslimdunia,0
Manunitedprem,0
Kirkain,0
Babyscumbag,0
Stickleback987,0
Asdfqwerty1967,0
REAZPatel,0
Osa1397,0
Elliott777,0
YOLOSWAGGINSBOY,0
Submarinefy,0
Lordrunpower,1
Bradstam.13,0
Yesnoplease123,0
Fjvjfndvfvj,1
Salmaodesk,1
Salmaislambd,1
Danluosoccer,0
Jonny23456,0
An0nym0us7r011,0
Westhamfan21,0
Wacve,1
Jordingreer6,0
Zahir379,1
Qwertyhm,0
Huasostehd,0
Damian P Lopez,0
DEEZNUTZNGGAH,0
BrandonWygal,0
Troller66,0
Maximustheman.312,0
Derp derp herp derp,0
Muffin n,0
Ihatemartin,0
Martinhatesme,0
Henry Dykes,0
PonyFart,0
AnonymousDom,0
Caterpillar97,0
Legendarian of skyrim,0
Froggykent,0
Dumptaker101,0
GIANTSFAN1324,0
Nicklim131299,0
Hannahnannashearer,0
Papacornchip,0
Jamesmcwheyhey,0
Menderes Mançoşığon,1
Roudabout6,0
Yllihp,0
Giftgowa,1
Ducky go rwar,0
Lukeyscanadian,0
Cnish,1
Dahal aavas,0
Hhjan,0
Meredithb97,0
Storm8181,0
Brittniexoxo,0
Climbingluke,0
Diamonds4j,0
Thankyoubasedgodddd,0
Sarahtxo,0
Kaileighblaker,0
Sammi1998,0
Iuliaadiana,0
Whoevencareshaha,0
Powellpower,0
Lauren1234555555,0
Swagmoney22,0
Ratchetkidrauhlbeadles,0
Asdfghjkl1238798,0
Janosbabes,0
Lolstopit,0
Hannahshearer,0
Dhxicajxk jjzj,0
Arianaisaqueen,0
Jaibrooks11,0
Dodanegrar,0
Soapy koe,0
Evil Barney,0
Lala33388898,0
Waneng45,0
Toldmetoldmesockbutname,1
Subject Omega,0
Roxas2456,0
Bigfishparty,0
Leonardo3-30,0
스프리스,0
Thesimcal,0
Flirkss,0
Thebigbananahhh,0
Wannajames,0
Lalalallaalalaljhgf,0
Evemck,0
Ariisdaydreamin,0
Lukebrookswife,0
Hellofriends1285,0
Akselherrera,0
Meganhakes,0
Xclassyariana,0
Fakeediting,0
Osnapitzkailen,0
Arianagrxnde,0
Theearianator,0
Arigrandexox,0
Abeautyariana,0
KetyHdgns,0
Arianatiaras,0
Ariaxnas,0
Jejdjf,0
Dougieeeee194,0
Osnapitzchelsey,0
Realcuhz,0
Lmaodude,0
EuphoricVibes,0
Jigbahjfhfgxhf,0
Jhfrduuj7yhu,0
Bangaloretaxiservices,0
Trepiditorial,0
Destinydeoxys1359,0
Nemoismyhomie,0
SlowBrozz,0
Msmicle,0
PredatorHunt791,0
TheGrossestDick,0
Bluecew,0
Saucygoat123,0
Shsi1123,0
CowboyGamer,1
Mfroggatt,0
SaidMuqaffa,0
Polishnazi,0
Qazmlpfatcol,0
Blahbeep230,0
Crazypotato99,1
George 176,0
WhatifArgentinawasreal,0
Alexjpyatt,0
Diego123141,0
Ofcoursoherbie,1
Notsoquickmyfrriend,0
Masss434390909,0
Jimmysanger11,0
November271982ismybirthdate,0
Accuradineycomme43409,0
Turninganoopppaiggeeiii,0
Jimmycardiffwales,0
Manmountainrock1,0
Shawnmichaelsisjewish11,0
Laineoejudd06087,0
Helpfuleditor1015,0
Notsorapidomyfriendo,0
Katiepinckard,1
Desmondhowardringostarrofcgmady,0
Tikyswquareoreioo,0
Gabucho43,0
153 belfast,1
Sun rocking,0
TukTukTalk,0
Alexphillies2468,0
Loganmills45,0
Kloppy52,0
Hellozejaykay,0
ZEJAYKAY,0
Professor Giggert,0
Wyatt117halo,0
Leoroo21,0
Dannyriv82,0
Smart guy 1111111111,0
Abcdefghijklmnopqrstuvwxyz112,0
Slugingss,0
1800sManuel,0
Candy Ninja,0
Dee59,0
Ecspertoneverything1,0
Assasinator24,0
Avocajoe,0
AnthonyKlimczak,0
Wazminator,0
TheTunnelMaster,0
BahutMarunga,0
DJfish1995,0
Big long stick,0
Loanman66,0
Test777,1
Bobyjoyride,0
Pornkingwithasmallwilly,0
Boomdoodle1000,0
Loo Junyuan10,0
WikiTroll01,0
Mayugamou316,1
WirelessBook,1
Sararocks1,0
FinallyAUsernameICanUse,0
Masterdon5,0
Bosteeboy,0
Thisisyourbackstory,1
Dying monkeys,0
TheWizardOfEditing,1
Nismo 5zigen,0
Kilza986,0
KillersAreQuiet133,0
Lewi77,0
RahulRamdhany,0
Jzambrello,0
Kudiz15,1
A06jk2,1
Fuckamerica1213,0
Bobsy345,0
JoeyWinter,0
Inababy,1
Drew campbell,0
Brusselsprouts146,0
Aleksandar Veselinovski2,0
Fredericko007,0
Jajadelera,0
Kapitop,0
AlloyGunner,0
QUEEN369,0
Millzman1,0
Rajashekar india3434,0
Johncena898,0
RobertStaines,0
Getnetabebe,1
Obraonain,0
HITMANactual666,1
Morts623,0
Pwner716,0
Wiccywawa,1
Nickalvero,1
Sharpnova,1
Professor Gas Can,0
Laaurencoombes,0
Canadianpoptart,0
DrkXxSh4d0w,0
Wikiworm124,0
Rwtgardgadfg,0
Breakingbrick,0
Xoondass,0
CCCBCCC,0
789Blue,0
Fernando-the-King,0
Realsparkle,1
Chelsea2012champs,0
JamesWelwyn,0
Declan4567,0
Qwecxzasd,1
Miros 0571,1
Kingrossii,0
Nicolejaninehutcherson,1
Waffleabc,0
Elo69007,0
Zak3k,0
Nintendoweek,0
Hockeyrules212,0
