username1,crm
18mherzog,2
20Horoz20,1
2CurlyBoys,5
4607john,2
59CustomCad,1
AGHELIUS,1
AMAYSS,75
ASniff,1
Aabara oms,2
Aadeshtaleda,2
Aaronp7890123,8
Ace of Grands,1
Acr015,6
Acroyogi,9
Admiralquirk,9
Adnilre95,11
Advocata,1
Aferghes,8
Afzal jahangeer,1
Ag archivist,1
Aheberling,8
Ahmad Al Anmad,4
Ahmed199,6
Ahmedkhogli,1
Ailesdepapillon,2
Aimanjorjos,2
Aisha Hamid,30
Ajnds,2
Akhilesh.pal4,1
Akseli9,22
Akupratis,13
Alejandro Dorta Mesa,1
Alexandre Candalaft,65
Alexbrickwedde,18
Alexdemare91,1
Alkalinenick,1
Allcoolusernamestaken,4
Alnagi albasra,2
Alonduro,2
Alphabetfood,38
AmandaSilver15,50
AminMDMA,180
Amosjfrancis,41
Amsterdad,271
Amylynn0815,11
Anas Akeel,3
Anastasya k,6
Anthony 432,1
Apex Zen,92
Arash adelpour,8
Ardeke,1
Ari Cushner,51
Arif Raza Una,9
Articlar,1
Arune1385,5
Ashamedant,11
Assil.arajy,11
Assumulator,2
Atcwikieditor,14
AussieResearcher,1
Austindavidriley,6
Ayub407,81
Azackta1,100
Balasekar.v,1
Bald white guy,14
Ballack mitch mugabo,2
Bamisebi Richard,4
Banabissat,8
Banchasana,10
BanglarBogra,1
Bclopez09,12
Bellarybrother,5
Benescreve85,8
Benjamin max,34
Bensmyers,74
Beth.nelson89,7
Binhtruong,17
Bitcribs,1
Bjsanborn2011,2
Blythwood,7
Bmcomer,58
Bmuperle,61
Bodemanitoba95,2
Bphussar,6
Brad2Earth,1
Bradleyhintze,1
BragaMan,5
Bret Schnitzer,3
Brian Probert,2
Brianjoseff,5
Briemder,21
Briggsie68,16
Brightjani,16
Britney Strommen,1
Brooklynelyse,2
Buhisan.ph,3
CD1975,4
CODEWAR,16
Cabledatasheet,7
Canucktunes,1
Casey E Kelly,22
CassieAgirl,9
Cavongrant,1
Cdrellishak,7
Cgchapman,87
Chai730,11
Cheals12,38
Chelsey.kjelland.2,28
Chintan Mehta.CM,10
Chorndavid,5
Circleofclouds,3
Cjeffery.geo,4
Ckbiology,7
Claritycr,18
ClassicNickelodeon Fan 1,1
Cleann,18
Cliff Ombachi,2
CloudMX,1
Clube Caramello,12
Cognoblaze 13,3
Cole.pujara,3
Colsen09,21
Concepts of Learning,10
Cook34,4
Coolalee,1
Cryptotich,1
Cteung,24
Currentkylie,2
Czestja,4
D-Dawg,13
DHninjaman,1
DJ Kev J Mudalpath,2
DMSWP,6
Damikovich,6
Daminjohny,1
Danh108,198
DanielQueiros,3
DanielfBothma,6
DanielleForrester1991,294
Danirlopez,1
Dave DeWitt,2
David CMT,16
David portelli,2
Delasprok,4
Denismanasievvukotic,1
Deonyi,85
Der-wuppertaler,1
Developmentalbio,15
Devidmake,4
DevinGardella,26
Dfern92,33
Dharmveer jangir,1
Dideds,3
Diduful,4
Dina del Valle,1
Dioptase,5
Dizzle Da Prince,2
Dkoallpro,2
Dmclaughlin1,2
Donna Emmett,2
Donnell316,8
Dopeaquarium,1
Dperonkov,7
Dr.Vignesh Resal Raj,8
DrLinguini,10
Dragan.Lund,1
DrewGrimaldi,4
Drewbeedooo,17
Driftmaster130,12
Drjeremywendt,1
Dtjohnson79,7
Eajohnson09,5
Eb555,1
Ebifritz,5
Echinacin35,14
Editor726,1
El Durazno Jerez Zacatecas,2
Elisabeth thun,2
Elldog,1
Eng395jy,27
Engineers worlwide,2
Esbend,6
Evelyna Emichedo,3
ExampLe1337,1
Ezedav,1
F.Moshammad,51
FLASHBUDDHAI THE BASS-KONG,4
Feliciajones1,3
Fevicolse,2
Fie03,6
Filipospao13,3
Fillio.gurgon,4
FireTheIncumbents,21
Fisherdickens,1
Flaviench,4
FoxyOrange,8
Frankrolf,1
FunnyPika,23
Gaurav363,6
Gazzas46zs,9
GeneralBagel,1
Geography101,11
George Kastrioti,1
Georgedixon,1
Gfolan,15
Giovanni Handal,3
Golden Specter,32
Gopal13,5
Gre Galust,12
GreatFranky,2
Greg Aidala,14
Greycliffs,1
Greyman101,3
Griff88,11
Guavo,4
Gudnykb,3
Gummyson,1
Hamedharry,1
Haritosh,5
Harlowcc,7
Harris Aggarwal,194
Hartadam,3
Haschone,1
Hassankhan345,5
Hassanshiekh7,47
Havensfire,6
Heatlord,2
Hellodough,9
Hexadecimalmonkey,3
HistoryofIran,111
Hoboforever,2
HonorTheIsland,110
Hydra of Arcadia,11
IZRozin22,11
Iamiwq,20
Ianfederov,5
Ibrahimlawal,1
Idsoftpro,2
Ikewade,6
Implicatum,1
Impulsleistung,13
Inkarnasjon,1
Irajeevwiki,154
Isbusa,16
Isetem13,31
J. J. the User,1
JAVA3JBC,18
JDCaveman,1
JLM003,49
JPhillips416,2
Jack Odanaka,3
Jai98,3
James Gitonga Mburugu,11
James Little42,11
James Moulding,4
Jamesmin89,12
Jangbahadur Shingari,2
Jastout,24
Jatinartist,2
Javaman1145,11
Jeddo makawe,1
Jenks27,90
Jhamann15,1
JhedIlocsoTV,2
Jiayuliu,2
Jillianlj87,7
Jino amal,1
Jjj1238,7
Jmari0818,65
Jmathews63,13
Jmudukes88,34
Jodosma,41
Joeystanley,112
John3corrigan,1
Johnboy80,2
Johnnyice213,1
Johnstonevan,3
Joleneh340,3
Jomerinwiki,7
Jonggeol,6
Jonhmarsh,4
Jose L. Rios Gracia,29
Jose ney,5
Joshnewport,2
Jrmcnall,1
JuliaCousinsky,1
Julianthedictionary,1
Justmewiking,45
Ka whe,21
Kap 7,18
Karolle,1
KasperNielsen88,2
Kathdani,5
Katselas,1
Kayhau05,40
Kayleighjenner,2
Kcsmit,100
Kevalbhavsar2211,3
Kevin13523,1
KevinDInno,2
Kiciatycia,66
Kieronjames2013,1
KinRagamine,1
Kinderlander,9
Kinkyknikers,2
Kirsten-duetsch123,4
Knackerednewdad,2
Knowanceforall,26
LaPoint,21
Lainiwaku,4
Lange.lea,61
Lankrist,7
Laura.adamson,2
Lauramarie pepsin,4
LaurentianShield,86
Laurenwking,16
LaurieHardman,29
Lavenderinwater,15
Lee Bunce,78
LegendsTour,14
Leslie Joy Nagagor,2
Letsraceturtles,5
Lfclegal,4
Lillias Morton,2
LilyTheMaltesePuppy,1
Lionandpeace,3
Lks06gaven,2
LordOfTheCardies,3
LukeBK,12
Lundunimeme,3
Lyndawood1958,1
M Narayan - The Artist,5
MGW NRC,2
MMBiology,52
MU77,107
MUHAMMEDQASSIM,3
Maps9000,3
Marco de T,123
Maria Izabel,10
MariaDeniseWalker,3
Marissabg,8
Marissaweinkauf,12
Markjhouse,2
Markusdg,11
Marqyank27,10
Mastanton,7
Maximus155,44
Maxpearcy,1
Mbroskamp,4
Mcrwylie,6
Mdprinters,7
Mdseriis,56
Medstudent213,9
Melaniejching,3
Memes of the dead,2
Merosss,5
Mgantony,4
Michaelterrigno,2
Michel Erdmann,5
Midiera,4
Miningpyropony,66
Miranda Anderson,10
Miss Princess USA,36
Misterpapageno,4
Mohammad irsad,5
Mohammed kaabar,8
Mona osman blil,1
Monelson,27
Mongobongohongo,11
Mountsurad,23
Moviebharat,3
Mr. D - Doddy Hernanto,4
Mr. Seafall,14
Mrkwillson,1
Mshepha,27
Mssemantics,36
Mtdillman,2
MustafaAslanbay,15
Mutak94,2
N1424,14
NSDhaliwal,6
Nafaiz,3
Nana Poku,1
Nancyb672,7
Nashjeff,7
NataschaBolden,10
Nattamkar.farooqueahmed,8
Necromiko,1
NemoD98,4
Newconsonance,21
Newhousj,164
Nexyn,26
Nigel Pokfulam,2
Nilbog Vegtable Man,1
Nitesh kamalpuria,2
Nitrobullet,3
Nitsmorbi,2
Notes from the underground,16
Npadgett,4
Obamanator1793,1
Obloid cow,17
Okoche,1
OlafBerserker,8
Om prakash raja,2
Oseini,2
PJ Aranador,2
PJCollettJHU,18
PR2696,1
Paigdeck,2
Painkiller01h,7
PaintItPlaid,9
Pandsungua,2
Panthrax1963,7
Panto on Ice,3
Par2121,1
Parham ashimashi,2
Patriciaskinner,2
Pattycarabelli,5
PaulaStockman,17
Pedantic Person,2
PercytheGreenEngine,3
Peterbereta,1
Peters Kimbley,4
Phorion,13
Phyatt,1
Pitchforkd33,1
Plcoopr,6
Polkmalik,2
Polonius7011,5
Polten,6
Postmahomeson,1
Pranavrk,2
Priya Singh,3
Prof John Chibaya Mbuya,10
Psatsankhya,1
Pstacey,2
Punkfighter,1
Puppy100000,1
Purnendu Karmakar,14
PurpleMesa,9
QueensPerson,1
RIPRandyRhodes,1
RLG429,2
RM395,54
RMANREY2003,2
Rain nery,13
Rajkumar jadhav,1
Ralphiegreen,1
Ratiram Payal,8
Ravinder insan,3
Redcpb,5
Remo.g.ashish,4
Renda hair,3
Respawnd,2
Reverend Eccles,6
Rezaeeali,9
Rfill1rd,1
Rianca Lopez,2
RicWatts,51
Riegern,5
RiseOfMann,8
Rishikesh ayre,1
Ritesh S.Bhanushali,3
Rk195057,1
Rkkhare,10
RobertKintigh,4
Rockasband,6
Rockyrock632,30
Rosenblumb1,1
Rosiesievers20,42
Rovan Vaz,1
RuthLivingstone,18
Ruy costa,1
Ryenocerous,29
SHOTHA,12
SMK2013,9
SZhangJerry,4
Sabadiasoud,2
Sagunshakya,3
SalgadoNYC,5
Samaale1,1
Samuel petan,3
Sanjibchakroborty,2
Sannybear,14
Santhu movies,1
Sanyad23,153
Sayappa Metakari,29
Scotty177,32
SeaBigPop,40
Seannator,20
SegaKing247,15
Semudobia,2
Senale,5
Sencina,6
Server1234,1
Shadowbat2034,1
Shahid1213,1
Shamprabhakar,37
Shannondelarey,3
Shant meeroian,6
Shaun considine,3
Shyamlraj,2
Silambarasan civil engineer,6
Silver waffles,5
Simonturner34,2
SioneF,4
Sivakumar.muragalla,13
SkullOptics,9
Slabada,1
Slimdoofy,5
Smhenry87,116
Sneazy,299
Sohelbd78,2
Solarys-fr,204
Somenathsen,2
Sorbeadindia,2
Sorianopaolo,1
Sounak181291,5
Space alligator,33
Spaceman Spiff Jr.,3
SportsTheory,8
Spuente0103,22
Starfish513,9
Starlighttango,2
Steve jekel,14
SteveAntosca,3
Stiven2394,2
Stratosmonger,1
Student0901,115
Sublexis,1
Sumandey007,1
Sushimaster1999,2
Sweetgirl12345,8
Sweevle,1
Swiftscw,2
Symonhh,2
Szhu008,1
Tallfromstpaul,3
Tap tamizh,5
Tayyabmanzoor,1
Teamdulwich,93
Teleram,11
Tempo manic,20
Terry Cagney,10
Tgrosinger,2
The Giant Purple Platypus,18
The.wiki.gnomes,1
TheBill970,17
TheCuesta,2
TheRobotPants,63
TheRunningDude,1
Theprophet11499,2
Thornsie,1
Thx1138samos3,2
Tiberius P Cowberry,1
Tiny Trot,4
Tkcrown,81
Tmts97,8
Torch Perish,1
Travis Freetly,115
Tsbarber,15
Twister416,62
Tyece Monique Arthur,3
USGESY,3
UWRishi,5
Umfundisi,3
Unearthly Stew,21
Unfriend13,95
Vanhans,1
Vanished User 2,3
Vanished user lalsdi45ijnefi4,71
Varavanan,10
Vargasr39,10
Velona,12
Vikash2088,1
WEP2013,4
Wallyedwards33,2
Wangyj319,8
WeberOwl,27
WestCoastStormWatch,9
Wihliwatts,2
Wiki4Blog,3
WikiBrainHead,1
WikiFrow,14
Wikidcat,2
WillyWon4u,1
Windywalk,23
Woda Bladesworn,2
Writ105MHornPlayer,3
Xanco,4
Xkcdreader,457
XndrK,79
XxDalekcaanxx,60
Yabopomonofonomopo bay,29
YaqiYang,2
Yaseen.ghori,1
Ybidzian,30
Yhlim,4
Yogi.kumar1233,5
Youngpenn,23
Yuracei,4
Zanpan,14
Zjryg,1
Zotezangu,28
