username1,pagetitle1,pagetitle2,counter
Brentc3,User:Brentc3,Cosmos: A Spacetime Odyssey,6
LifeIsSubtle,Mucahit Bilici,User:LifeIsSubtle,134
Pans Labirynth,User:Pans Labirynth/Helmuth Ludwig,Helmuth Ludwig,149
CDK78,Count Bass D,User:CDK78,151
CDK78,User:CDK78,Count Bass D,152
Cardiffcityfan07,User:Cardiffcityfan07,Gary Lavery,164
Ccie.cisco,User:Ccie.cisco,CCIE Certification,176
Renupundir,Nigamananda Saraswati,User:Renupundir,197
Renee Michelle Wenker,User:Renee Michelle Wenker,User:Renee Michelle Wenker,203
Renee Michelle Wenker,User:Renee Michelle Wenker,Talk:Physical exercise,207
Rioiscoming,User:Rioiscoming,User:Rioiscoming/sandbox,212
Cooldj101,Grand Theft Auto,User:Cooldj101,219
Imenam,User talk:Imenam/sandbox,User:Imenam/Well Bull ( Gav Chah),231
Subbarjun,Chulla Chulli Boarding English Secondary School,User:Subbarjun/Nirmal rai,239
Subbarjun,User:Subbarjun/Nirmal rai,Jordon Ibe,240
Dmar91,User:Dmar91,Edge of Dark Water,287
18phillipst,User:18phillipst,User:18phillipst/sandbox,391
Worldbook1967,User:Worldbook1967,Republican Study Committee,406
Worldbook1967,Republican Study Committee,User:Worldbook1967,407
Worldbook1967,User:Worldbook1967,Atlantic City Jitney Association,409
Worldbook1967,Atlantic City Jitney Association,The Wild Wild West Casino,410
Worldbook1967,The Wild Wild West Casino,Talk:Bally's Atlantic City,411
Worldbook1967,Talk:The Wild Wild West Casino,David Grisman Quintet,414
Worldbook1967,Bally's Atlantic City,User talk:Manifestation,421
Worldbook1967,User talk:Manifestation,Pocono Mountains,423
Worldbook1967,Pocono Mountains,User talk:70.44.67.163,428
Worldbook1967,User talk:70.44.67.163,User talk:Accurizer,429
BearingTechnology,Dover Corporation,User:BearingTechnology,501
BearingTechnology,User:BearingTechnology,Waukesha Bearings Corporation,502
BearingTechnology,Waukesha Bearings Corporation,Northcentral Technical College,505
BearingTechnology,Waukesha Bearings Corporation,Wikipedia:Articles for deletion/Waukesha Bearings Corporation,511
Amable269,User:Amable269,User:Amable269 /Kevin Hicks,531
JakeKaplow,User:JakeKaplow,Wikipedia:Articles for deletion/Alvin and the Chipmunks 4,565
JakeKaplow,User:JakeKaplow,Tarucus kiki,571
Words with hope,User:Words with hope,User:Words with hope/sandbox,588
Words with hope,National Rural Livelihood Mission,NRLM,626
Syed altaf.s,OneHope Wine,User:Syed altaf.s,748
Syed altaf.s,User:Syed altaf.s,Social firm,749
Verbaringeacutenue,Wikipedia:WikiProject Guild of Copy Editors/List of participants,Genetic genealogy,795
Junellene.sapinoso,Advent Vega,User:Junellene.sapinoso,814
Sarah mahmoud16,User:Sarah mahmoud16,User:Sarah mahmoud16,832
Rluellen,User:Rluellen,User:Bo Luellen,841
Azizur Rahman John,User:Azizur Rahman John,User:Azizur Rahman John,845
Azizur Rahman John,User:Azizur Rahman John,User talk:Azizur Rahman John,849
Ylli-this,User:Ylli-this,User:Ylli-this/sandbox,858
Biswasmit Lenka,Essar Shipping,User:Biswasmit Lenka,867
Biswasmit Lenka,User:Biswasmit Lenka,User:Biswasmit Lenka/sandbox,868
Arikra,User:Arikra,User talk:Arikra,874
Gray621,User:Gray621,New Markets Tax Credit Program,902
THEES1230,User talk:Librarystorylady,Michigan,913
THEES1230,Michigan,User:THEES1230,914
Mcleodm3,SIGDOC,User:Mcleodm3,935
Mcleodm3,User:Mcleodm3,Caprica (TV series),936
Bradley J. Fest,Tamara (play),User:Bradley J. Fest,942
Untold Unfold,Jabalpur,User:Untold Unfold,951
Untold Unfold,Mural,User talk:Carptrash,961
Untold Unfold,User talk:Carptrash,Fresco-secco,962
Untold Unfold,Jabalpur,User talk:Untold Unfold,972
Sissle2013,Charles Hommann,User:Sissle2013,996
Sissle2013,User:Sissle2013/sandbox,Irving Berlin,1002
Shantala Phatarphod,User:Shantala Phatarphod,User:Shantala Phatarphod/sandbox,1074
Shantala Phatarphod,User:Shantala Phatarphod/sandbox,Ritu menon,1075
Ppacaramel,User:Ppacaramel/Beginner,User:Ppacaramel/Véronique Azan,1081
Ppacaramel,User:Ppacaramel/Véronique Azan,Draft:Véronique Azan,1082
Jurassictim,Taekwondo,User:Jurassictim,1089
Saidbasirkarimi,User:Saidbasirkarimi,User:Saidbasirkarimi,1094
Cathydommer,User:Cathydommer,Electronic cigarette,1100
David Dariel Lewis,User:David Dariel Lewis,User:David Dariel Lewis,1105
Keefcann,Spider-Woman (2009 series),User:Keefcann,1109
Markus Bodensee,CONCACAF,User talk:Nafsadh,1188
Markus Bodensee,User talk:Nafsadh,Chadwickryggen,1189
FireflySixtySeven,Polymer Fibers,Continuous-time convolution,1256
FireflySixtySeven,Travelling wave antenna,Ain't Nobody Got Time for That,1258
FireflySixtySeven,Chromotropism,Lean in,1280
FireflySixtySeven,Projection onto convex sets,Wikipedia:Articles for deletion/Tiger Mom,1282
FireflySixtySeven,Wikipedia:Articles for deletion/Tiger Mom,Backwards diffusion equation,1285
FireflySixtySeven,Backwards diffusion equation,Auxiliary line,1286
FireflySixtySeven,Z plane,Mean field annealing,1298
FireflySixtySeven,Class inequality,Basic dress,1329
FireflySixtySeven,Gustav Ehrhart,Wikipedia:Articles for deletion/Hassan II (imam),1415
FireflySixtySeven,Wikipedia:Articles for deletion/Hassan II (imam),Talk:Gustav Ehrhart,1416
FireflySixtySeven,Talk:Otto Casmann,J Presper Eckert,1433
FireflySixtySeven,Talk:Heinrich Bruns,Bandelwerk,1467
FireflySixtySeven,Heinrich Bruns,Philipp Friedrich Buchner,1469
FireflySixtySeven,Heinrich Freiherr von Herzogenberg,Gottfried Wilhelm Fink,1473
FireflySixtySeven,Karl Bühler,User talk:Hamham31,1543
FireflySixtySeven,User talk:Hamham31,Trinomial triangle,1544
FireflySixtySeven,Hanover school of architecture,Trinomial Triangle,1560
FireflySixtySeven,Hanover school of architecture,User talk:Braddy478/sandbox,1563
FireflySixtySeven,Ernst Peschl,Bisu (festival),1625
FireflySixtySeven,Bisu (festival),Wikipedia talk:Articles for creation/Martin McEvoy,1631
FireflySixtySeven,Ain't Nobody Got Time for That,User talk:Jr98712,1654
FireflySixtySeven,User talk:Jr98712,Molly Cramer,1655
FireflySixtySeven,Molly Cramer,Talk:Christian Scharnweber,1666
FireflySixtySeven,Talk:Christian Scharnweber,Fred Sexton,1667
FireflySixtySeven,Talk:Gotthardt Kuehl,Wikipedia:Deletion review/Log/2013 September 11,1712
FireflySixtySeven,Wikipedia:Deletion review/Log/2013 September 11,Mooqui,1713
Vijay singh2013,User:Vijay singh2013/sandbox,User talk:Vijay singh2013/sandbox,1781
Oneuno,User:Oneuno,User:Oneuno,1785
Bob Random Thoughts,Florian Henckel von Donnersmarck,User:Bob Random Thoughts,1794
Bob Random Thoughts,User talk:Bob Random Thoughts,The Tourist (2010 film),1796
Bob Random Thoughts,Florian Henckel von Donnersmarck,User talk:Millahnna,1798
Bob Random Thoughts,User talk:Millahnna,The Lives of Others,1799
Bob Random Thoughts,The Tourist (2010 film),Wikipedia:Articles for deletion/Redbox Movie Awards,1803
Bob Random Thoughts,Wikipedia:Articles for deletion/Redbox Movie Awards,Redbox Movie Awards,1804
Canadaiscool74,Dianne Feinstein,User:Canadaiscool74,1814
Canadaiscool74,User:Canadaiscool74,User talk:Canadaiscool74,1815
Smoro100,Ace (disambiguation),User:Smoro100/sandbox,1821
Smoro100,User:Smoro100/sandbox,User:Smoro100,1822
Ketheeswaran sithrawel,Erazm Otwinowski,User:Ketheeswaran sithrawel,1829
Clayton.mcbride,Ku-ring-gai Creative Arts High School,User:Clayton.mcbride,1835
Clayton.mcbride,User:Clayton.mcbride,Titus,1837
Manresa1234,User:Manresa1234,"Boise, Idaho",1840
PRINCE KISHAN RAO,User:PRINCE KISHAN RAO/sandbox,User talk:PRINCE KISHAN RAO,1855
Kudos23,User:Kudos23,Save Me Hollywood,1870
Wajju bhai786,Abū Ḥanīfa,User:Wajju bhai786,1915
Wajju bhai786,User:Wajju bhai786,Bizu,1919
Wajju bhai786,User:Wajju bhai786,Durood,1950
Liam Hayes,User:Liam Hayes,Supercapacitor,1975
Yny501,User:Yny501,Memory in Death,2045
Pegagnerot,User:Pegagnerot,User:Pegagnerot,2083
Pegagnerot,User:Pegagnerot,Nottingham Forest F.C. Under-21's Squad and Academy,2084
Monosh Hojai Dimasa,User:Monosh Hojai Dimasa,List of colleges affiliated to Assam University,2149
Monosh Hojai Dimasa,Dimaraji,User talk:Shovon76,2322
Monosh Hojai Dimasa,User:Monosh Hojai Dimasa,User talk:Monosh Hojai Dimasa,2328
Monosh Hojai Dimasa,User talk:Monosh Hojai Dimasa,Hojai,2335
DMutani,User:DMutani,User:DMutani,2362
Prince Skyline S54B,Naganori Ito,User talk:Zaher kadour,2399
Prince Skyline S54B,Nakajima Aircraft Company,User:Prince Skyline S54B,2424
Prince Skyline S54B,Nissan Gloria,User:Prince Skyline S54B/sandbox,2437
Prince Skyline S54B,User:Prince Skyline S54B/sandbox,Kozo Watanabe (engineer),2563
Prince Skyline S54B,Nissan Skyline GT-R,Shurei Ito,2576
Prince Skyline S54B,Shinroku Momose,Watanabe Kozo (engineer),2584
Prince Skyline S54B,Watanabe Kozo (engineer),Talk:Shinroku Momose,2585
Prince Skyline S54B,Ryoichi Nakagawa,Tachikawa Aircraft Company,2608
Prince Skyline S54B,Tachikawa Aircraft Company,User talk:Prince Skyline S54B/sandbox,2609
Prince Skyline S54B,Prince Sedan,Prince Sedan AISH,2641
DasGermanMoses,User:DasGermanMoses,Andy Najar,2747
DasGermanMoses,User:DasGermanMoses,Paulo Wanchope,2755
Shahzad khan tanoli,User:Shahzad khan tanoli,Shehzad Roy,3237
Great Jurist,Dignity,Human dignity in Iran,3241
Great Jurist,Human dignity in Iran,Talk:Human dignity in Iran,3247
Jhon estrada,User:Jhon estrada,Medellín,3263
Jhon estrada,Medellín,Club Atlético Nacional S. A.,3264
Jhon estrada,A/N,Corregimientos of Colombia,3266
Jhon estrada,"Talk:El Poblado, Medellín",Moscú,3278
BranSul,User:BranSul,New.net,3281
MineCraftEnderman,User talk:MineCraftEnderman,Mario Kart 8,3292
Tripleahg,Imaginary friend,User talk:198.97.62.42,3308
Tripleahg,Talk:Celts,Wikipedia:Articles for deletion/Kiss Trust,3311
Tripleahg,User:Tripleahg,User talk:50.204.172.183,3313
Fellboy4256,List of social bookmarking websites,User:Fellboy4256,3321
Drewkeeling,Theodore Roosevelt,User:Drewkeeling,3371
Fernand.braudel,Caravaggio (disambiguation),User talk:Fernand.braudel,3396
Yahiko-konoe,User:Yahiko-konoe,Michiko Neya,3399
Esther.seung.lee,User:Ijmusic/Vision of music's future,User:Esther.seung.lee,3402
Esther.seung.lee,User:Ijmusic/Vision of music's future,Nancy King (jazz singer),3409
Agrso,Eastern Arabia,User:Agrso/Iran–Kuwait relations,3714
Agrso,User:Agrso/Iran–Kuwait relations,Hejaz,4020
Agrso,User:Agrso/Iran–Kuwait relations,Sultanate of Nejd,4026
Levi bernardo,Glacialisaurus,User talk:FunkMonk,4072
Levi bernardo,User talk:FunkMonk,Wikipedia:WikiProject Dinosaurs/Image review,4073
Levi bernardo,Wikipedia:WikiProject Dinosaurs/Image review,Abrosaurus,4074
Levi bernardo,Wikipedia:WikiProject Dinosaurs/Image review,Wikipedia:WikiProject Palaeontology/Paleoart review,4080
Levi bernardo,Wikipedia:WikiProject Palaeontology/Paleoart review,Mononykus,4083
Darkreign11,Two and a Half Men,User:Darkreign11,4086
Darkreign11,Liberty Leading the People,User talk:182.178.110.204,4088
Darkreign11,User talk:182.178.110.204,User talk:Toddy1,4089
Darkreign11,User talk:Darkreign11,ICab,4094
Hsa pyaravaram,User:Hsa pyaravaram,User talk:Hsa pyaravaram,4157
NedimDemiri,Ana Malit,User:NedimDemiri,4160
Wordmajor08,User:Wordmajor08,University of Michigan School of Information,4168
Morgandbillings12,User:Morgandbillings12,Animal roleplay,4190
S.K.Logakanthan,User:S.K.Logakanthan,List of Sri Lankan Tamil films,4221
Shamoo67,User:Shamoo67,Exotic option,4253
Joaneballe,User:Joaneballe/vector.js,User:Joaneballe/About,4288
Joaneballe,User:Joaneballe/common.js,User:Joaneballe/Portfolio,4291
Joaneballe,User:Joaneballe,User talk:Joaneballe,4294
Joaneballe,User:Joaneballe/Nav bar,Skype,4298
Joaneballe,Characters of StarCraft,User talk:Rray,4323
Bluebellanon,User:Bluebellanon,Talk:Sherlock (TV series),4330
Bluebellanon,Elementary (TV series),User talk:Drmargi,4338
Bluebellanon,User talk:Drmargi,Atlantis (TV series),4340
Bluebellanon,User talk:AnonNep,Joanna Page,4395
Joanne Marguerite De Castelliane,"Naulakha, Punjab",User:Joanne Marguerite De Castelliane,4409
Phantummm,Lumen fidei,User:Phantummm,4439
Phantummm,User:Phantummm,Fermentum,4449
Phantummm,User:Phantummm,Tommy Tuberville,4456
Nelsonjesus35,User:Nelsonjesus35/Vauxhall Astra Coupe Bertone,User:Nelsonjesus35,4460
BiologistBabe,Talk:MMR vaccine controversy,User talk:Edgth,4505
BiologistBabe,User talk:BiologistBabe,User talk:Qwyrxian,4514
BiologistBabe,User talk:Qwyrxian,Talk:Shooting of Trayvon Martin,4516
BiologistBabe,Talk:Shooting of Trayvon Martin,User talk:Damotclese,4517
BiologistBabe,User talk:Damotclese,Talk:India,4523
DeborahLinderDVMDACVN,Talk:Obesity in pets,User:DeborahLinderDVMDACVN,4557
JimeoWan,User:Warman06,User:JimeoWan/Java4K,4562
JimeoWan,User:JimeoWan/Java4K,Java 4K Game Programming Contest,4568
JimeoWan,Talk:Justin Bieber,Wikipedia:Articles for deletion/H1Z1,4583
Darkwormhole,Sujata and seven types of wives,User:Darkwormhole,4623
Darkwormhole,User:Darkwormhole,Women in Buddhism,4624
LensBlender,User:LensBlender,Bilfinger Berger Power Services,4633
JLSCrawford,User talk:Coolguy22468,Talk:Martin O'Neill,4651
MinnesotaTurnpike,User:MinnesotaTurnpike,Neolithic architecture,4659
Greyxyskut,User:Greyxyskut,Saffron Aldridge,4664
Theduinoelegy,Ten spiritual realms,User talk:DVdm,4675
Theduinoelegy,Margaret the Virgin,User talk:JEN9841,4684
Theduinoelegy,User talk:JEN9841,Derivative (finance),4687
Theduinoelegy,Emperor Norton,User talk:Mishae,4693
Zynaden,User:Zynaden,Blake Lewis,4725
89Jay89,User talk:Reddogsix,User:Bbb23,4737
Karthikeyan Malaisamy,User:Karthikeyan Malaisamy,T. Rajendar,4739
Varkman,User:Varkman,Talk:Ambrose McCarthy Patterson,4764
Varkman,Call Me Joe,User talk:PhilHibbs,4766
Varkman,User:Varkman,Exploration of Jupiter,4770
Varkman,User:Varkman,Tharn,4792
Varkman,User:Varkman,Talk:Never Miss a Super Bowl Club,4794
Varkman,Talk:Never Miss a Super Bowl Club,"Talk:Knock, Knock, Ginger",4795
Varkman,"Talk:Knock, Knock, Ginger","Lake Zurich, Illinois",4796
Varkman,User:Varkman,Star Trek: The Motion Picture,4801
Varkman,Drunken Sailor,Wikipedia:Articles for deletion/Malaysia Airlines Flight 370 conspiracy theories,4804
Varkman,User:Varkman,Animals in space,4814
Yocho,Fujiko,Noachidism,4843
Yocho,Chitas,Rainbow covenant,4855
Yocho,Rainbow covenant,Bukharan Jews,4856
Yocho,Menachem Stark murder case,Yaakov Avinu,4863
Yocho,Gidon ben Yoash,Receptacle (botany),4872
Yocho,Receptacle (botany),Nidah,4873
Yocho,Nidah,"Glendale Heights, Illinois",4874
Yocho,Scented water,Catholic bible,4878
Yocho,Catholic bible,New Politics (band),4879
Yocho,Temptation of Christ,Seventy interpreters,4890
Yocho,Seventy interpreters,The Filthy,4891
Jnuwame,User:Jnuwame,Talk:Manulife Financial,4929
Jnuwame,Talk:Manulife Financial,User talk:Wilipino,4932
Jnuwame,User talk:Wilipino,Manulife Financial,4934
Jnuwame,Wikipedia:Teahouse/Questions,User talk:Cullen,4944
Jjeffery57,General Services Administration,User:Jjeffery57,4953
Jjeffery57,User:Jjeffery57,User talk:Northamerica1000,4954
Jjeffery57,User talk:Northamerica1000,Stamping (metalworking),4955
Leslie Fields,User:Leslie Fields,User:Leslie Fields,4964
Leslie Fields,User:Leslie Fields,Mary Lyon,4968
Leslie Fields,Mary Lyon,Wikipedia:Meetup/MHCMeetup2,4969
Leslie Fields,Wikipedia:GLAM/Mount Holyoke College/To-do,Wikipedia:Tutorial/Editing/sandbox,4985
Leslie Fields,Wikipedia:Tutorial/Editing/sandbox,User:Leslie Fields/sandbox,4986
Tarique.synapse,User:Tarique.synapse,Portal talk:Current events,4992
Tarique.synapse,Portal talk:Current events,User:Tarique.synapse,4993
Mumbui,Nandi County,User:Mumbui,5001
Mumbui,User:Mumbui,E-learning (theory),5002
Mumbui,E-learning (theory),User:Mumbui/sandbox,5004
Mumbui,User talk:Mumbui,Data security,5007
Kentongreening,User:Kentongreening,Mosaic,5017
TSALPHA33,User:TSALPHA33,2013 NASCAR Sprint Cup Series,5051
BandarAlbgomi,Bariatric surgery,User:BandarAlbgomi,5260
BandarAlbgomi,User:BandarAlbgomi,Community Youth Orchestra of Southern California,5261
BandarAlbgomi,User:BandarAlbgomi,Sleeve gastrectomy,5267
Ugggag,User:Ugggag,Equilibrium unfolding,5273
Leneka Rhoden,User:Leneka Rhoden,Montego Bay,5281
Fscantamburlo,User:Fscantamburlo,Wikipedia:Requests for permissions/Confirmed,5307
Fscantamburlo,User:Fscantamburlo/IFMIF: International Fusion Material Irradiation Facility,User talk:Kudpung,5317
Fscantamburlo,User:Fscantamburlo/IFMIF: International Fusion Material Irradiation Facility,International Fusion Materials Irradiation Facility,5323
Fscantamburlo,User:Fscantamburlo/IFMIF: International Fusion Material Irradiation Facility,File:DEMO IFMIF SNSs spectra.jpg,5355
Fscantamburlo,User:Fscantamburlo/IFMIF: International Fusion Material Irradiation Facility,File:Lithium Target temperature profile.jpg,5376
Suziecha,Basir Seerat,Wikipedia:Teahouse/Guests/Right column,5408
Suziecha,Wikipedia:Teahouse/Guests/Right column,User:Suziecha,5409
Suziecha,User:Suziecha,Sexy Beach Zero,5410
DBWilliams23,Wikipedia:WikiProject Signal Processing,User:DBWilliams23,5436
DBWilliams23,User:DBWilliams23,Wikipedia:WikiProject Signal Processing,5440
Hammy603,User:Hammy603,Language learning strategies,5454
Rajaram.deal,User:Rajaram.deal,User:Rajaram.deal,5470
Bnseagreen,Free tier (business model),User:Bnseagreen,5526
Le Survivant,Non-Stop (film),User talk:Akeron,5615
Le Survivant,User talk:Akeron,Category:User urd-1,5616
Anoewyn80,Eastern Regional Libraries,User:Anoewyn80,5636
Anoewyn80,User:Anoewyn80,User:Anoewyn80/sandbox,5638
Anoewyn80,User:Anoewyn80/sandbox,User talk:Acetotyce,5663
AH UDelLib,User:AH UDelLib/sandbox,User talk:Brambleclawx,5674
AH UDelLib,User talk:AH UDelLib,Wikipedia:WikiProject Libraries/Members,5767
AH UDelLib,User talk:AH UDelLib,Arts and Crafts movement,5812
AH UDelLib,User:AH UDelLib/sandbox,Wikipedia:Meetup/University of Delaware/April 2014 Colored Conventions,5829
AH UDelLib,User:AH UDelLib,User talk:Bluerasberry,5878
AH UDelLib,Wikipedia:Meetup/University of Delaware/April 2014 Colored Conventions,Wikipedia:WikiProject Colored Conventions/Convention Sandbox,5976
Futurenat,User:Futurenat,Rosa Beddington,6006
Silveiro,User:Silveiro,User talk:Silveiro,6025
Fluffynutmeg,FITS Liberator,User:Fluffynutmeg,6036
Fluffynutmeg,User:Fluffynutmeg,Wikipedia:Teahouse/Questions,6037
Sai.papu,List of athletes with the most appearances at Olympic Games,User:Sai.papu,6042
HowardMR,User talk:HowardMR,User:HowardMR,6245
HowardMR,User:HowardMR,2014 FIFA World Cup qualification – UEFA Group D,6273
Yokari,User:Yokari,User:Yokari,6392
Yokari,User:Yokari,Goddess of Fire,6394
Eliluu,Ariana Grande discography,User talk:U990467,6523
Eliluu,User talk:U990467,User talk:Sufur222,6548
Cl171562,User:Cl171562,User talk:Cl171562,6556
Farhang M. Muhamad,User:Farhang M. Muhamad,User:Farhang M. Muhamad,6565
Balajishripatwad,Medieval Town of Toruń,User:Balajishripatwad,6577
Balajishripatwad,User:Balajishripatwad,User:Balajishripatwad/twinkleoptions.js,6579
DaffydLandegge,User:DaffydLandegge,Wikipedia:Requested articles/Arts and entertainment/Literature/Books,6588
GKWilly,User:GKWilly,Binary prefix,6609
Karl Theodor Wilhelm Weierstrass,Olog,User:Karl Theodor Wilhelm Weierstrass,6629
Karl Theodor Wilhelm Weierstrass,User:Karl Theodor Wilhelm Weierstrass,Gino Bartali,6630
ManyVoxels,Wikipedia:Articles for deletion/Bhelatand sijua,Francis Bird,6638
Mick malove,User talk:Mick malove,User:Mick malove/sandbox,6647
Mick malove,User:Mick malove/sandbox,User:Mick malove,6648
Wildeman112,User:Wildeman112,Public auto insurance,6657
K0zka,Ivo Sanader,Talk:Libvirt,6667
K0zka,User:K0zka,User:K0zka/sandbox,6671
K0zka,User:K0zka/sandbox,Out-of-order execution,6692
K0zka,Ember.js,Wikipedia:Articles for deletion/Marius (giraffe),6706
K0zka,Wikipedia:Articles for deletion/Marius (giraffe),Hyper-threading,6707
K0zka,User:K0zka/sandbox,Template:Apache,6717
K0zka,Template:Apache,Talk:Kotlin (programming language),6718
K0zka,Talk:Kotlin (programming language),Frutiger,6719
K0zka,User:K0zka/sandbox,User talk:Democraticmacguitarist,6739
K0zka,User talk:Democraticmacguitarist,Talk:Earthless,6740
K0zka,User:K0zka/sandbox,Komló,6758
K0zka,Software-defined networking,Tavares Report,6864
K0zka,Putinism,Talk:OVirt,6875
K0zka,Talk:OVirt,OVirt,6877
Wingsjo,User:Wingsjo/vector.js,The Secret History of the Mongol Queens,6882
Madhumuralisunkara,User:Madhumuralisunkara/sandbox,User:Madhumuralisunkara,6987
JonathanPeel,User:JonathanPeel,Talk:Yojimbo (film),6996
AnnaOurLittleAlice,User:AnnaOurLittleAlice,User:AnnaOurLittleAlice/TheRPGMinx,7012
AnnaOurLittleAlice,User:AnnaOurLittleAlice,Chivelstone,7100
AnnaOurLittleAlice,User:AnnaOurLittleAlice,Talk:Eurovision Song Contest 2014,7110
AnnaOurLittleAlice,Wikipedia:Templates for discussion/Log/2014 May 17,Talk:High five,7112
AnnaOurLittleAlice,Talk:High five,Talk:Same-sex marriage in the United States,7113
SUNWINDRAIN2003,108th meridian east,User:SUNWINDRAIN2003,7127
Kai Bremer11,Slam Dunk Contest,User:Kai Bremer11,7129
Ewald dlawE,User:Ewald dlawE,User:Ewald dlawE/sandbox,7143
Ewald dlawE,User:Ewald dlawE/sandbox,User:Ewald dlawE/S.I.L.U.R.,7144
Imapancake,Pacific Rim (film),User:Imapancake,7166
Toutestgrace,Raanjhanaa,User talk:Arjann,7171
Toutestgrace,User talk:Arjann,User:Toutestgrace,7172
Yonchoy,User:Yonchoy,User:Yonchoy/sandbox,7176
Militics,User:Militics,Barry S. Strauss,7182
Altairs assasin,User talk:David Eppstein,User:Altairs assasin,7198
Altairs assasin,User:Altairs assasin,Pierre-Louis Lions,7199
Erezcorech,Serena Williams,User:Erezcorech,7212
Erezcorech,User:Erezcorech,Pharrell Williams,7213
Erezcorech,Pharrell Williams,User talk:STATicVapor,7215
MrPreetKarnal,List of Punjabi-language television channels,User:MrPreetKarnal,7241
MrPreetKarnal,User:MrPreetKarnal,Justdial,7242
MrPreetKarnal,Webaroo,Rangruti khera,7244
MrPreetKarnal,User:MrPreetKarnal,Kurukshetra University,7246
Architect2015,Heriberto Lazcano Lazcano,User:Architect2015,7267
Architect2015,User:Architect2015,National Defence Force (Syria),7268
Lonelydream,Alan McNicoll,User:Lonelydream,7283
Lonelydream,User talk:Lonelydream,Rajshahi District,7288
Brendan Nugent,MidWest Radio,User:Brendan Nugent,7298
TheGalacticMan,Muhammad Dahlan (Minister),DVD Backup,7322
TheGalacticMan,DVD Backup,Frank Dolce,7323
TheGalacticMan,Hum Award for Best Actor in a Negative Role,User:TheGalacticMan/common.js,7340
TheGalacticMan,Denver Broncos,User:TheGalacticMan/vector.js,7342
TheGalacticMan,User:TheGalacticMan/monobook.js,Birds Eye,7344
TheGalacticMan,User talk:Mallan95,Damian Wayne,7346
TheGalacticMan,User talk:68.10.236.197,Routing Information Protocol,7352
TheGalacticMan,User talk:197.157.245.5,Austin St. John,7354
Fabiomormile,User:Fabiomormile/sandbox,User:Fabiomormile,7362
MTSranger,User:MTSranger,Product defect,7364
TomGulley,User:TomGulley,User talk:Theopolisme,7370
Ionel141,Dynamo Charities Cup,2013 T-League,7391
Ionel141,2013 T-League,Saitama City Cup,7400
Susan.grayeff,User talk:Richard Nevell (WMUK),Women in science,7874
Susan.grayeff,Particle,User talk:Incnis Mrsi/Archive 2,7885
Othman8055,User:Othman8055,User:Othman8055,7916
TotalDramaFan1,User:TotalDramaFan1,User talk:TotalDramaFan1,7945
Mrpresident80,User talk:Bonkers The Clown,Wikipedia:Articles for deletion/Saint Francis Veterinary Center,7961
Mrpresident80,Wikipedia:Articles for deletion/Saint Francis Veterinary Center,User:Mrpresident80,7997
Mrpresident80,Wikipedia:Articles for deletion/Saint Francis Veterinary Center,American Animal Hospital Association,8013
Kalpesh K Panchal,User:Kalpesh K Panchal,Hindustan Unilever,8022
Vastusankalpa,User:Vastusankalpa,User talk:Vastusankalpa,8052
Zahida2013,User talk:Zahida2013/sandbox,User:Zahida2013,8057
Wintaburr,Bugoy Cariño,User:Wintaburr,8238
ZSwagger276,User:ZSwagger276,Replay (Zendaya song),8308
Mani Jehan,Brumadinho,User:Mani Jehan,8336
Mani Jehan,User:Mani Jehan,Mental health day,8337
Cpl.Winky,User:Cpl.Winky,Porsche Cayman,8356
Eksilverman,User:Eksilverman,Jewish religious clothing,8360
Bodroom,User:Bodroom,Faria Lemos,8377
Svoit41,User:Svoit41,Talk:Alonzo C. Webb,8401
K.Mower,"John Hunt, Baron Hunt",User:K.Mower/sandbox,8408
Ronan McGurrin,User:Ronan McGurrin,User talk:Ronan McGurrin,8423
Ronan McGurrin,User talk:Ronan McGurrin,Wikipedia:Feedback request service,8424
Ronan McGurrin,Talk:University of Dar es Salaam,User:Ronan McGurrin,8433
Ronan McGurrin,User:Ronan McGurrin,Internet Killed Television,8437
Ronan McGurrin,Internet Killed Television,Wikipedia talk:Naming conventions (geographic names),8438
Ronan McGurrin,Wikipedia talk:Naming conventions (geographic names),Alan Partridge: Alpha Papa,8440
Justthefactsabout,Ica stones,User talk:Paul H.,8456
Justthefactsabout,Ica stones,User:Justthefactsabout,8460
Aluxosm,Portal:Chemistry/Resources,Module:Sandbox/Aluxosm/Test,8500
Aluxosm,Module:Sandbox/Aluxosm/Test,Systemd,8501
Aluxosm,Talk:Jupiter Broadcasting,User:Aluxosm/common.js,8552
Aluxosm,User:Aluxosm/common.js,Mythology of Lost,8562
THUMOV,Talk:Ocean sunfish,User:THUMOV,8611
THUMOV,User:THUMOV,Talk:Saliva,8613
Daviddenboer,User talk:Ishdarian,"1999 France rugby union tour of Samoa, Tonga and New Zealand",8628
Daviddenboer,"1999 France rugby union tour of Samoa, Tonga and New Zealand",User:Daviddenboer,8631
Daviddenboer,User:Daviddenboer,Proto-Oto-Manguean language,8633
Daviddenboer,ELO2,Dream science,8642
Daviddenboer,Dream science,File:Delta Rho Upsilon Crest and Mascot.gif,8643
Jacobmahon,Acme Corporation,User:Jacobmahon,8679
Jacobmahon,User talk:Jacobmahon,AutoZone Park,8681
Claws47,User:Claws47,User talk:Claws47,8689
Claws47,User talk:Monnor9,Biome,8699
Fewfre,User:Fewfre,Fairy Tail,8708
Fewfre,Template:Kairosoft,Banana flower,8710
Fewfre,Banana flower,John de Lancie,8711
Cr.marthi,Multiverse,User:Cr.marthi,8716
Cr.marthi,User:Cr.marthi,List of 20th-century religious leaders,8717
Aurelian Carpathia,Talk:A Serbian Film,Wikipedia talk:Articles for deletion/Nova Roma (short film),8728
Aurelian Carpathia,Talk:Nova Roma,User talk:Lsmll,8735
Aurelian Carpathia,User talk:Lsmll,Virgin Decalog,8736
Aurelian Carpathia,Virgin Decalog,User:Aurelian Carpathia/List of Whoniverse stories,8737
Aurelian Carpathia,User:Aurelian Carpathia/List of Whoniverse stories,User:Aurelian Carpathia/sandbox,8739
Aurelian Carpathia,User:Aurelian Carpathia/List of Whoniverse stories,User:Aurelian Carpathia/Whoniverse chronology,8767
Aurelian Carpathia,User:Aurelian Carpathia/Whoniverse chronology,Gloria Steinem,8768
Triplependulum,User:Triplependulum,Hakupu,8771
Rab1130,"Salvadoran presidential election, 2014",User:Rab1130,8776
Rab1130,User:Rab1130/Sandbox 1,2012–13 Egyptian protests,8787
Rab1130,Unity Movement,User talk:Easternalum,8884
Rab1130,User:Rab1130,User talk:Rab1130,8887
Stannic,Cairo pentagonal tiling,Triakis triangular tiling,9013
Stannic,Deltoidal trihexagonal tiling,Kisrhombille tiling,9015
Stannic,Truncated hexaoctagonal tiling,Wikipedia talk:WikiProject Polyhedra,9036
Stannic,Wikipedia talk:WikiProject Polyhedra,Tetradecahedron,9041
Stannic,Wikipedia talk:WikiProject Polyhedra,Hemi-octahedron,9047
Stannic,User:Stannic,Template:Expanded table,9050
Stannic,Template:Expanded table,Convex uniform honeycomb,9051
Stannic,Tetrahedral-octahedral honeycomb,Rectified cubic honeycomb,9054
Stannic,Bitruncated cubic honeycomb,Cantitruncated cubic honeycomb,9058
Stannic,Cantitruncated cubic honeycomb,Truncated octahedron,9059
Stannic,Truncated octahedron,Omnitruncated cubic honeycomb,9060
Stannic,Runcic cubic honeycomb,Cantic cubic honeycomb,9063
Stannic,Runcitruncated cubic honeycomb,Domino (mathematics),9065
Stannic,Order 3-8 kisrhombille,Template:Order 8-6 tiling table,9115
Stannic,Template:Order 8-6 tiling table,Rectified 24-cell honeycomb,9116
Jallouljalloul,Talk:Wallyscar,Wallyscar,9155
Jallouljalloul,User:Jallouljalloul,Angers SCO,9210
Dangerame,User talk:VIAFbot/Errors/Locked,User:Dangerame,9334
Dangerame,User:Dangerame,User talk:Dangerame,9335
Dangerame,User talk:Dangerame,Wikipedia:Requests for undeletion,9336
Matthew691,User:Matthew691,DStv,9338
Jgwest91,User:Jgwest91,Talk:Cat communication,9355
Elainy223,User:Elainy223,Fuleco,9366
Sharkyzero,User:Sharkyzero,User talk:JohnCD,9370
Suyashbansal26,Wikipedia:VisualEditor,User:Suyashbansal26,9375
Ttjohnson2,User:Ttjohnson2,User:Ttjohnson2,9377
Ttjohnson2,User:Ttjohnson2,LaDainian Tomlinson,9379
Msrajjc2,User:Msrajjc2/sandbox,User:Msrajjc2/sandbox,9381
Msrajjc2,User:Msrajjc2/sandbox,User:Msrajjc2,9469
Sumaira2005,Constituency NA-2,User:Sumaira2005,9491
Sumaira2005,User:Sumaira2005,Peshawar District,9493
Heyitsmax,User talk:Heyitsmax,Tudor Grange Solihull,9533
EncyclopaediaNilssonia,Anglo-Turkish War (1807–09),Mia Tindall,9647
EncyclopaediaNilssonia,Mia Tindall,Talk:Kenya Army,9648
EncyclopaediaNilssonia,"Robert Gascoyne-Cecil, 7th Marquess of Salisbury",User talk:EncyclopaediaNilssonia,9703
EncyclopaediaNilssonia,User talk:EncyclopaediaNilssonia,Talk:World War II,9704
GeekInItsPurestForm,Wawrzyniec Żmurko,Wikipedia:WikiProject Cape Cod and the Islands/Active participants,9765
GeekInItsPurestForm,User:GeekInItsPurestForm,Wikipedia:WikiProject Doctor Who/Participants/Sympathizers,9769
GeekInItsPurestForm,Cymphonique Miller,Wikipedia:WikiProject Massachusetts/Active participants,9786
GeekInItsPurestForm,User:GeekInItsPurestForm,User talk:GeekInItsPurestForm,9798
Kagaisha,The Unraveling (Dir En Grey EP),User:Kagaisha,9827
Kagaisha,User:Kagaisha,Macabre (album),9828
Cerezolowell,User:Cerezolowell,Rolen Paulino,9832
Catverine,Talk:Euastacus spinifer,Wikipedia:Requested articles/Images,9860
Catverine,Wikipedia:Requested articles/Images,Myotis nipalensis,9861
Catverine,Wikipedia:Requested articles/Images,Red Wine (film),9872
Catverine,Field-programmable object array,Fpoa,9878
Catverine,Fpoa,Wikipedia:Requested articles/Applied arts and sciences,9879
Catverine,Carbyne,User talk:GorillaWarfare,9914
Catverine,User talk:GorillaWarfare,List of State Protected Monuments in Kerala,9915
Catverine,User talk:GorillaWarfare,Swap,9917
Catverine,User talk:GorillaWarfare,MIDI,9920
Catverine,User:Catverine/sandbox,Michael J. Fisher,10006
Catverine,User talk:Deb,Tradinno,10047
Catverine,Tower Infinity,User:GorillaWarfare/Adopt/Catverine,10054
Catverine,User:GorillaWarfare/Adopt/Catverine,Template:Hindu temples in Kerala,10057
Catverine,User:Catverine/sandbox,Avon Lake High School,10092
Catverine,Kayamkulam Kayal,Kayamkulam Estuary,10123
Catverine,Kayamkulam Lake,Kolam,10125
Catverine,Alappuzha district,Kayamkulam Boat Race,10136
Catverine,Kayamkulam Boat Race,Metapenaeus monoceros,10137
Catverine,Tower Infinity,Ecoprism Tower,10156
Catverine,Ecoprism Tower,Nemateleotris helfrichi,10157
Catverine,Kerala,Chief Minister of Kerala,10213
Catverine,Chief Minister of Kerala,Manitowoc Post,10216
Catverine,Erdal Arıkan,KSIDC,10225
Catverine,Kerala,User talk:Jordan54668,10227
Catverine,"User talk:Sarkari Naukri, Naukri",User talk:Bradders191,10243
Catverine,User talk:GorillaWarfare,Darsheel Safary,10246
Catverine,User talk:Virenece45,User talk:MussaAdamabdo,10254
Catverine,User talk:Catverine,User talk:Abdulqani,10263
Catverine,User talk:Ernestolr,User talk:Damcon24,10273
Catverine,User talk:Damcon24,Wikipedia:Pages needing translation into English,10274
Catverine,Manisha Koirala,User talk:Radu2004,10277
Catverine,User talk:Radu2004,User talk:Majidhucien,10278
Catverine,User talk:Chathuak,User talk:Mukutmukut,10281
Catverine,User talk:Mukutmukut,User talk:Biljana Dragicevic,10282
Catverine,User talk:Biljana Dragicevic,User talk:Devisvr,10283
Catverine,User talk:Devisvr,Bashir Taraki,10284
Catverine,Template:LGBT rights table Asia,User talk:Madeelafzal,10292
Catverine,User talk:Inshajee,User talk:Rahulseo85,10294
HawkSteven,User:HawkSteven,Cyprus,10337
HawkSteven,User talk:HawkSteven,Massurrealism,10354
Toppersailor96,The Trolleybus Museum at Sandtoft,User:Toppersailor96,10456
Toppersailor96,User:Toppersailor96,Help! (song),10458
Toppersailor96,User:Toppersailor96,Driving licence in the United Kingdom,10461
Cfrede,American Council of Learned Societies,User:Cfrede,10468
Cfrede,User:Cfrede,Talk:American Council of Learned Societies,10469
Theamazingbutterman,User:Theamazingbutterman/sandbox,User talk:Matty.007,10478
Theamazingbutterman,User talk:Matty.007,User:Theamazingbutterman,10479
Rey991,User:Rey991/Reynold Eric,User:Rey991,10485
MashedPoatoes,User:MashedPoatoes,Battlestar Galactica (roller coaster),10487
ZHypnoZ,User:ZHypnoZ,Template:Oldest men,10492
Methodes,Macedonian hip hop,User:Methodes,10496
Methodes,User:Methodes,Talk:Douglas Engelbart,10499
Blondeguynative,User:Blondeguynative/sandbox,Washington (state),10557
Blondeguynative,User:Blondeguynative/sandbox,Algeria,10568
Blondeguynative,User:Blondeguynative/sandbox,Democratic Party (United States),10574
Twivus,User:Twivus,The Junipers,11051
SADF Vinay B,User:SADF Vinay B/sandbox,User:SADF Vinay B,11056
VC Historian,User:VC Historian/sandbox,User:VC Historian,11065
Mikailfurgan,User:Mikailfurgan,User:Mikailfurgan,11072
Ashdown Ranger,Ryan Sanusi,User:Ashdown Ranger,11085
Erika Linder Fan,User:Erika Linder Fan,User talk:Erika Linder Fan,11087
Nagar99,Saraswatichandra (novel),User:Nagar99,11097
Sergey Woropaew,Rattus Norvegicus (album),User:Sergey Woropaew,11101
Sabenavita,User:Sabenavita,User:Sabenavita/test,11149
Aravinduser,User:Aravinduser,Solid,11156
Schwenty,User:Schwenty,Driver: San Francisco,11159
Nicola frenandes,Talk:RiddiSiddhi Bullions,User:Nicola frenandes,11164
Sfishel1,Wikipedia:Changing username/Simple,User:Sfishel1,11175
Sfishel1,Wikipedia:Changing username/Simple,User talk:Graeme Bartlett/archive 21,11181
Sfishel1,User talk:Graeme Bartlett/archive 21,User talk:Sfishel1,11182
Reefswaggie,Anna Maria Ortese,User talk:Ser Amantio di Nicolao,11229
Reefswaggie,User talk:Ser Amantio di Nicolao,Onychophora,11236
Reefswaggie,User talk:Ser Amantio di Nicolao,User:Reefswaggie,11244
Reefswaggie,User talk:Ser Amantio di Nicolao,Debashree Roy,11253
Reefswaggie,The Babe Ruth Story,User:Reefswaggie/Sandbox,11256
Reefswaggie,User:Reefswaggie/Sandbox,Baird's trogon,11258
Reefswaggie,Wikipedia talk:WikiProject Fungi,Stemonosudis,11283
Reefswaggie,User talk:Ser Amantio di Nicolao,Haplochromis thuragnathus,11296
Reefswaggie,User talk:Ser Amantio di Nicolao,Irukandji jellyfish,11330
Reefswaggie,Spangled cotinga,Wikipedia:WikiProject Birds/Members,11356
Reefswaggie,Pedra Branca Skink,User talk:John Gohde,11436
Reefswaggie,Herpes simplex,User talk:Doc James,11478
Reefswaggie,User talk:Doc James,Talk:Herpes simplex,11479
Bogdan Kosar,User:Bogdan Kosar/sandbox,User talk:DPL bot,11756
Mikemungin,User:Mikemungin,Luka Modrić,12001
A4advowiki,Education in the United States,User:A4advowiki,12010
JamesJNHu,Talk:Zero Liquid Discharge,Gottfried Müller,12017
JamesJNHu,Community Development and Relief Agency,User talk:JamesJNHu,12022
JamesJNHu,User talk:JamesJNHu,Talk:Boston Red Sox,12023
JamesJNHu,User talk:JamesJNHu,Talk:Seyah Dowlan,12100
JamesJNHu,Talk:Seyah Dowlan,Todd Cronin,12101
JamesJNHu,Todd Cronin,Wikipedia:Usernames for administrator attention,12102
JamesJNHu,Talk:Malina Popivanova,Aeolipile,12112
JamesJNHu,Aeolipile,User talk:Dandelion90,12113
JamesJNHu,Talk:Health effects of pesticides,Talk:Prime factorization algorithm,12123
JamesJNHu,Talk:Prime factorization algorithm,Baroque chess,12124
Mercer789,User:Mercer789,User:Mercer789,12137
Yaqzan1965,RAKIA,Rakia,12193
Bvpandurangarao,User:Bvpandurangarao,User:Bvpandurangarao,12268
Rj aadi,User:Rj aadi,User:Rj aadi,12279
BTMiguel,User:BTMiguel/DCC,University of Colorado Boulder,12382
BTMiguel,User:BTMiguel/DCC,Design Center Colorado,12401
Xpictoc,User talk:Xpictoc,Chip 1 Exchange,12436
Summerbreezeintheheat,Callan McAuliffe,User:Summerbreezeintheheat,12442
Summerbreezeintheheat,User:Summerbreezeintheheat,Liam Hemsworth,12454
Goodyntox,5 Star Grave,User talk:Goodyntox,12476
Goodyntox,User talk:Goodyntox,Amanda Lear,12479
Culturecontrol,"Man, Controller of the Universe",Nativity scene,12632
Culturecontrol,Nativity scene,User:Culturecontrol,12633
Tobyalocke,Franz Kafka,User:Tobyalocke,12636
Sallyjone,Lindy Vopnfjörð,User talk:Bearcat,12662
Sallyjone,Lindy Vopnfjörð,User:Sallyjone,12664
Abdoolally,User:Abdoolally,User:Abdoolally,12669
Abdoolally,User:Abdoolally,User:Abdoolally/sandbox,12671
Zaimdehari,User talk:Zaimdehari,User:Zaimdehari,12681
Gulshanagarwal,User:Gulshanagarwal,User:Gulshanagarwal/Books/Favourites,12686
Nufame,User:Nufame,User talk:Nufame,12696
Nufame,User talk:Nufame,User:Nufame,12697
QVR2,User:QVR2,Boston Scientific,12701
DLM 1989,FC Steaua București in European football,User talk:86.127.144.101,12720
DLM 1989,User talk:86.127.144.101,User talk:DLM 1989,12724
Hamels35,User:Hamels35,Smooth green snake,12930
Drickfire,Lyoto Machida,User talk:Lecen,12946
DarkMalfunction,Basics (Star Trek: Voyager),User:DarkMalfunction,12976
DarkMalfunction,User:DarkMalfunction,User:DarkMalfunction/sandbox,12977
AW94,Differential calculus,User talk:Ozob,12981
Chrismorey,User:Chrismorey/hideseek,Talk:Content repository,13119
Chrismorey,Talk:Albert Jenkinson,Talk:Falmouth Pilot Gig Club,13143
Chrismorey,Talk:Musical Box Society International,Talk:Grigol Ordzhonikidze,13156
Chrismorey,User talk:A930913,Five-year plans for the national economy of the Soviet Union,13165
Chrismorey,Talk:Object–subject–verb,Local 9,13217
Chrismorey,Moluccan diaspora,Talk:Fantastic art,13223
Chrismorey,Talk:Fantastic art,Fantastic art,13224
Chrismorey,Talk:University of Applied and Environmental Sciences,Rosa Rio,13240
Chrismorey,Talk:Boston,User talk:Cullen328,13249
Chrismorey,User talk:Cullen328,Rubber chicken,13250
Chrismorey,Talk:Manufacturing test requirement design specification,Atlanta Interfaith Broadcasters,13258
Chrismorey,Wikipedia:Teahouse/Questions,User talk:I JethroBT,13270
Chrismorey,User talk:I JethroBT,Talk:International Union of Anarchists,13271
Chrismorey,User talk:Deor,Penal transportation,13292
Chrismorey,Talk:Sarabande,Souq,13306
Chrismorey,The Emperor's Code,Talk:Artist Pension Trust,13318
Chrismorey,"Talk:Sherwood, Nottingham",Talk:Xirka Ġieħ ir-Repubblika,13323
Chrismorey,Talk:Xirka Ġieħ ir-Repubblika,Talk:MVA Asia,13324
Chrismorey,Census Information Center,Talk:Billboarding,13341
Chrismorey,Talk:Ecotage,"Talk:Akbarpur, Hathras",13345
Chrismorey,"Talk:Akbarpur, Hathras",Tribune Media Services,13346
Chrismorey,Wikipedia:WikiProject Football/Members,Necrophilia,13408
Chrismorey,Talk:Pension release,Wikipedia:Writing better articles,13463
Chrismorey,Mutt (G.I. Joe),User talk:Stfg,13482
Chrismorey,User talk:Stfg,Bongaigaon Refinery and Petrochemicals,13484
Chrismorey,Northwich Victoria F.C.,User talk:Number 57,13564
Chrismorey,User talk:Number 57,Manchester United F.C.,13568
Gary petty,Porcupine Tree discography,User:Gary petty,13600
Kellzchris,User:Kellzchris,Lex Mpati,13617
Kellzchris,User:Chriskellz,Mandla Mandela,13629
Kellzchris,User:Kellzchris,Khulani Commercial High School,13631
DMendeleev,TraPPE force field,User:DMendeleev,13887
Brian Rapson,User:Brian Rapson,Shrewsbury Library,13899
NathanCEGX,Bisulfite sequencing,User:NathanCEGX/sandbox,13930
NathanCEGX,User:NathanCEGX/sandbox,User talk:NathanCEGX,13940
NathanCEGX,User:NathanCEGX/sandbox,Wikipedia:Teahouse/Guests/Left column,13954
Rhgravity,User talk:Rhgravity,User:Rhgravity,14016
JustTheFactsUSA,User:JustTheFactsUSA,Arch Coal,14041
Lukesterboi1,User:Lukesterboi1,Natural selection,14055
Sabalium,User:Sabalium,Jaerock Lee,14073
Bjornturoq,Phytogenics,User:Bjornturoq,14084
Beaedyson,User:Beaedyson,Wikipedia:TWA/Earth,14100
Beaedyson,Wikipedia:TWA/Earth,Wikipedia talk:The Wikipedia Adventure,14102
Beaedyson,User:Beaedyson,Wikipedia:Village pump (idea lab),14131
OutofTheBoxThinker,CSS frameworks,User talk:OutofTheBoxThinker,14133
OutofTheBoxThinker,User talk:OutofTheBoxThinker,John Slegers,14185
Comapony,Glass Towers,User:Comapony,14198
Katcheez,Design the Skyline,Wikipedia:Teahouse/Guests/Right column,14214
Katcheez,User talk:Katcheez,Phantogram (band),14248
Katcheez,User talk:Katcheez,Human trafficking,14279
Katcheez,User:Katcheez/EditCounterOptIn.js,List of The Eric André Show episodes,14331
Katcheez,User talk:Katcheez,Dan Mintz,14367
TOMMY PIPES MCDONNELL,User:TOMMY PIPES MCDONNELL,Blues Brothers 2000,14464
TOMMY PIPES MCDONNELL,The Blues Brothers,User talk:Bongwarrior,14469
JesusAg2011,User:JesusAg2011,Dog with a Blog,14504
Kingrobertalex,User:Kingrobertalex,Disappearance of George Smith,14623
CharityKountz,Talk:Francesco Rulli,User:CharityKountz,14628
CharityKountz,User:CharityKountz,Roya Mahboob,14629
Keeby101,Wikipedia:Requests for permissions/Confirmed,User talk:Keeby101,14647
Keeby101,User talk:Keeby101,Talk:Sasanian Empire,14650
Keeby101,User talk:Keeby101,Russian Empire,14661
Keeby101,Talk:Soviet Union,User talk:HistoryofIran,14665
Keeby101,User talk:Keeby101,File:The Sassanid Empire at it's greatest extent cca. 620 A.D.png,14667
Keeby101,User talk:HistoryofIran,Talk:Holy Roman Empire,14675
Keeby101,User talk:Kathovo,File:Sasanian Empire cca. 620 A.D.png,14703
Keeby101,User talk:HistoryofIran,User talk:Irānshahr,14709
Keeby101,User talk:Keeby101,Wikipedia:Help desk,14727
Keeby101,User talk:Keeby101,User talk:RudolfRed,14730
Keeby101,User talk:Demiurge1000,Roman–Persian Wars,14740
Keeby101,User talk:Keeby101,Talk:Achaemenid Empire,14752
Keeby101,User talk:Laszlo Panaflex,Russian America,14757
Keeby101,User talk:Keeby101,User talk:WolfmanSF,14805
Keeby101,User talk:HistoryofIran,Wikipedia:Dispute resolution noticeboard,14825
Keeby101,User talk:HistoryofIran,User:Keeby101/sandbox,14857
Keeby101,User talk:Keeby101,User talk:Addshore,14869
Keeby101,User talk:Keeby101,User talk:TransporterMan,14875
Keeby101,Wikipedia talk:WikiProject Tree of Life,User talk:Anna Frodesiak,14881
Keeby101,Wikipedia:Articles for deletion/List of species rumored/believed to still be alive,Afsharid dynasty,14894
Keeby101,User talk:HistoryofIran,User talk:Zaldax,14918
Keeby101,User talk:Irānshahr,Talk:Khazars,14992
Keeby101,Wikipedia talk:Graphics Lab/Map workshop,User talk:Dougweller,15001
Keeby101,User talk:Kathovo,Wikipedia:Reference desk/Miscellaneous,15014
Keeby101,Wikipedia talk:Graphics Lab/Map workshop,User talk:DragonflySixtyseven,15032
Keeby101,Wikipedia:Graphics Lab/Map workshop,User talk:Begoon,15035
Littlecarmen,Salad Days (Mac DeMarco album),User talk:Littlecarmen,15210
Littlecarmen,User talk:Littlecarmen,Iggy Azalea,15211
Littlecarmen,Ultraviolence (album),User:Littlecarmen/sandbox,15285
Littlecarmen,User:Littlecarmen/sandbox,Selena Gomez,15286
Littlecarmen,User:Littlecarmen,Rock and Roll Night Club,15295
Littlecarmen,Lana Del Rey discography,Talk:Lorde/Archive 1,15334
Littlecarmen,User:Littlecarmen/sandbox,Talk:Salad Days (Mac DeMarco album),15403
Littlecarmen,User:Littlecarmen/sandbox,Jim Morrison,15413
Littlecarmen,West Coast (song),Black Beauty (Lana Del Rey song),15548
Littlecarmen,User:Littlecarmen/sandbox,Wikipedia:Administrators' noticeboard,15565
Littlecarmen,User:Littlecarmen/sandbox,D.A.I.S.Y. Rage,15570
Littlecarmen,User:Littlecarmen/sandbox,"Jon Huntsman, Jr.",15588
Littlecarmen,Black Beauty (Lana Del Rey song),Black Widow (song),15641
NotMrOllie,User talk:MER-C/archives/32,User talk:Cffk,15655
Hoda.navabi,Agnes (novel),User:Hoda.navabi,15687
Nrgcoltsfan,User:Nrgcoltsfan,Big Time Rush (band),15715
High Literature,Wikipedia talk:Articles for creation/Freakadas Radio Show,User:High Literature,15737
ISpageDubJects,User:ISpageDubJects,User:ISpageDubJects/sandbox,15741
Maverick8393,User:Maverick8393/sandbox,User talk:N2e,15748
Lkg252,Elizabeth Nourse,User:Lkg252,15769
TheDriver2000,User talk:TheDriver2000,Potato wedges,15771
TheDriver2000,Potato wedges,User:TheDriver2000,15772
TheDriver2000,User:TheDriver2000,Original Recipe Bites,15773
TheDriver2000,Original Recipe Bites,Original Recipe Boneless,15775
TheDriver2000,Original Recipe Boneless,User:TheDriver2000/sandbox,15778
Atotalstranger,Alexander Graham Bell,User talk:Atotalstranger,15823
Atotalstranger,Talk:Brout-Englert-Higgs mechanism,Georgia May Jagger,15858
Atotalstranger,Largest cities in Europe,User talk:Subtropical-man,15871
Atotalstranger,Primary color,Wikipedia:Articles for deletion/Fallout 4 (2nd nomination),15914
Atotalstranger,Wikipedia:Articles for deletion/Fallout 4 (2nd nomination),Martin Freeman,15916
Atotalstranger,Wikipedia:Articles for deletion/Fallout 4 (2nd nomination),The Witcher 3: Wild Hunt,15922
Atotalstranger,American football,Sulphur Acid,15933
Atotalstranger,Sulphuric acid,European Space Agency,15941
Atotalstranger,China Academy of Space Technology,Fallout 4,15964
Atotalstranger,Fallout 4,Adelaide Anne Procter,15967
Atotalstranger,Works based on A Song of Ice and Fire,User talk:WDGraham,15991
Atotalstranger,User talk:WDGraham,Talk:The Shard,15993
Atotalstranger,Rockefeller family,Pugnaces Britanniae,16271
Jfmlaw,User:Jfmlaw,User:Jfmlaw,16286
Jfmlaw,User talk:Uncle Milty,New Jersey Motor Vehicle Commission,16288
SteveChab,User:SteveChab,Multiuse Model View,16291
NemesisAT,Bit.Trip Complete,Shockwave (Drayton Manor),16314
NemesisAT,Shockwave (Drayton Manor),Blackpool Pleasure Beach,16315
NemesisAT,Happy Valley Tianjin,User:NemesisAT,16326
NemesisAT,User:NemesisAT,Roller Coaster DataBase,16355
NemesisAT,User:NemesisAT,Lees Priory,16357
NemesisAT,User:NemesisAT,Off the Record (Tinchy Stryder song),16371
NemesisAT,Ben 10 – Ultimate Mission,Wikipedia talk:AutoWikiBrowser,16390
NemesisAT,Wikipedia talk:AutoWikiBrowser,Banana Pi,16392
Mercrome,China Foundation for Poverty Alleviation,Wikipedia:Articles for deletion/Bunionplasty,16489
Mercrome,User:Mercrome,Ḥārith ibn Abd al-Muttalib,16493
Mercrome,Ḥārith ibn Abd al-Muttalib,Take Me Downtown Tour,16495
Mercrome,University of Taipei,User talk:Ditroiamusic,16542
Mercrome,User talk:Muhammad Arsalan Siddiqi,Andrei Tarkovsky,16546
Mercrome,User talk:Humansofparis,User talk:JMark714,16548
Mercrome,User talk:Mercrome,Powell Weaver,16556
Mercrome,User talk:Mercrome,User talk:Andreyyruski,16567
Mercrome,User talk:Andreyyruski,User talk:Lidophogirlie,16568
Mercrome,User talk:Lidophogirlie,Meningococcal vaccine,16569
Mercrome,China PharmaHub Corp.,User talk:Bilz231,16591
Muladamai,User:Muladamai,User:Muladamai/sandbox,16715
Nhep 006,2012 in American television,Template:GMA Network programming,16748
Nhep 006,2006 in American television,Template:ABS-CBN Network programming,16766
Nhep 006,User:Nhep 006,1997 in American television,16861
RhinoMind,User talk:RhinoMind,User talk:Drmies,17292
Radiodrew,Elvis Duran,User:Radiodrew,17460
Xujizhe,User:Xujizhe,MongoDB,17464
Gho2t993,Waiting period (Six-Day War),User:Gho2t993,17487
Gho2t993,User:Gho2t993,Battle of Cherbourg,17489
Gho2t993,User talk:I dream of horses,Indo-Pakistani War of 1971,17510
Gho2t993,Talk:Genie (feral child),User talk:Johnuniq,17550
Tomallen1234,User:Tomallen1234,Nas,17561
MaralaScott,User talk:MaralaScott,User:MaralaScott,17568
Muhaajin,Haijian 50,User talk:Muhaajin,17575
Abhinav2031,User:Abhinav2031,User:Abhinav2031,17578
Edithsim,Elizabeth Press,User talk:141.241.203.176,17593
AL2896,Talk:Buccaneers—Dolphins rivalry,Talk:Indiana–Michigan State football rivalry,17618
AL2896,Talk:Buccaneers—Saints rivalry,Psychology,17630
AL2896,Psychiatry,Clemson–South Carolina football rivalry,17634
AL2896,List of Big Ten Conference football rivalry games,Tiger Bowl,17681
Abadi2030,Kala Shah Kaku,User:Abadi2030/Sandbox,18105
Abadi2030,User:Abadi2030,Wikipedia:WikiProject Articles for creation/Help desk,18107
Spongebob1248,User:Spongebob1248,List of Pac-Man and the Ghostly Adventures episodes,18121
Alexandre Hocquet,User:Alexandre Hocquet,Josuha Guilavogui,18138
Alexandre Hocquet,User:Alexandre Hocquet,Franck Tabanou,18145
Alexandre Hocquet,User:Alexandre Hocquet,Mounir Obbadi,18209
Jitsein,Duloxetine,User:Jitsein,18250
Wcdst3,Robert Morris Colonials men's ice hockey,Wikipedia:WikiProject University of Pittsburgh/Members,18266
Wcdst3,Robert Morris Colonials men's ice hockey,User talk:Piotrus,18269
Wcdst3,User talk:Piotrus,User talk:Infamousjre,18270
Wcdst3,User talk:Infamousjre,User talk:Sage Ross (WMF),18271
Wcdst3,User talk:Sage Ross (WMF),Wikipedia:Education noticeboard,18272
Wcdst3,User:Wcdst3/sandbox,User:Wcdst3,18279
Wcdst3,User:Wcdst3,Lists of Pittsburgh Performing Arts Companies and Venues,18280
Biogerontology,User talk:Huon,Wikipedia:Conflict of interest/Noticeboard,18297
Nudnik Gadol,User talk:Nudnik Gadol,Gedalia Schorr,18332
Alexcansmile,Moneytree,User:Alexcansmile,18336
Foley7128,Foley High School,User:Foley7128,18349
BerndHess,Clean Driving Zone,User:BerndHess,18354
Man made oblivion,User:Man made oblivion,User talk:HigherFive,18359
Tam14,User:Tam14/sandbox,Talk:Simply Music,18381
Tam14,Talk:Simply Music,Simply Music,18382
Zacarias filipe maputire,User:Zacarias filipe maputire,User:Zacarias filipe maputire,18503
Zacarias filipe maputire,User:Zacarias filipe maputire,User:Zacarias filipe maputire/Books/transportes,18504
Zacarias filipe maputire,User:Zacarias filipe maputire/Books/transportes,User talk:Zacarias filipe maputire,18505
Antonieta Cardoso,Wikipedia:Sandbox,User:Antonieta Cardoso,18508
Antonieta Cardoso,User:Antonieta Cardoso,User talk:Antonieta Cardoso,18509
Acmel48,Bilfinger Berger Power Services,Saiful Bukhari Azlan,18552
Acmel48,Ndorodo people,User:Acmel48,18559
Acmel48,Wikipedia:Articles for deletion/List of attendance figures at anime conventions (2nd nomination),Wikipedia:Sockpuppet investigations/Misconceptions2,18573
Sytten,Machine,User:Sytten,18579
Sytten,User talk:Sytten,User:Sytten/sandbox,18581
Sytten,User:Sytten/sandbox,CloudBees,18584
UltraMario64,Hammy (Over the Hedge),Stella (Over the Hedge),18901
UltraMario64,User talk:UltraMario64/Archive 1,Wikipedia:Articles for deletion/RJ (Over the Hedge),18905
UltraMario64,Wikipedia:Articles for deletion/Oggy (character),Open Season 3,18909
UltraMario64,User:UltraMario64,Wikipedia:Wikipediholism test,18960
UltraMario64,Wikipedia:WikiProject Microsoft/Participants,User talk:Arifin.wijaya,18981
UltraMario64,Wikipedia:WikiProject Microsoft/Outreach/Newsletter/July 2013,User talk:ClueBot Commons,18992
UltraMario64,Wikipedia:WikiProject Sonic,User:UltraMario64/Movie Test,18995
UltraMario64,User:UltraMario64/sandbox,"Wikipedia talk:What's in, what's out",19004
UltraMario64,Orphaned technology,User:UltraMario64/New Hive City Flooding,19008
UltraMario64,User:UltraMario64/New Hive City Flooding,User:TAypo385.5,19013
UltraMario64,User:TAypo385.5,Microsoft Family Safety,19014
UltraMario64,Despicable Me 2,User:UltraMario64/The High Fructose Adventures Of Annoying Orange:Seasons 3-5.,19019
UltraMario64,User:UltraMario64,Bloons TD,19023
UltraMario64,Windows 7,Wikipedia:Articles for deletion/Microsoft Cortana Easter Eggs,19025
UltraMario64,Wikipedia:Articles for deletion/Microsoft Cortana Easter Eggs,Wikipedia:Changing username/Simple,19026
UltraMario64,User:UltraMario64/EditCounterOptIn.js,Windows 98,19041
UltraMario64,User:UltraMario64/The High Fructose Adventures Of Annoying Orange:Seasons 3-5.,Wikipedia:Requests for adminship/UltraMario64,19047
UltraMario64,Wikipedia:Requests for adminship/UltraMario64,Atomic bombings of Hiroshima and Nagasaki,19053
UltraMario64,Wikipedia:Requests for adminship/UltraMario64,Law enforcement in the Pitcairn Islands,19055
UltraMario64,Wikipedia:WikiProject Sonic/Participations,Wikipedia:Tutorial/Editing/sandbox,19058
UltraMario64,Wikipedia:Tutorial/Editing/sandbox,User talk:Philg88,19059
UltraMario64,User talk:Philg88,Wikipedia:Miscellany for deletion/User:Alastair Haines,19061
UltraMario64,Oggy and the Cockroaches,Wikipedia:Articles for deletion/Oggy (Oggy and the Cockroaches),19067
UltraMario64,Wikipedia:Articles for deletion/Oggy (Oggy and the Cockroaches),Wikipedia:Requests for page protection,19069
Sauerrahm,Vogue (dance),User talk:Minna Sora no Shita,19074
Sauerrahm,Vogue (dance),User:Sauerrahm,19076
XboxGamer22408,User:XboxGamer22408,Sherwood Park,19083
AndrewPeterT,A Solitary Blue,Wikipedia:WikiProject Tropical cyclones/Members,19089
AndrewPeterT,1970–75 Southern Hemisphere tropical cyclone seasons,User talk:United States Man,19098
AndrewPeterT,1967 Pacific typhoon season,User talk:Hurricanehink,19102
AndrewPeterT,2013 Atlantic hurricane season,Wikipedia:Featured article candidates/Hurricane Diane/archive1,19128
AndrewPeterT,Wikipedia:Featured article candidates/Hurricane Diane/archive1,Wikipedia:Today's featured article/requests,19129
AndrewPeterT,User:STO12/Guestbook,Pre-1970 Southern Hemisphere tropical cyclone seasons,19134
AndrewPeterT,2013 Atlantic hurricane season,Tropical Storm Fernand (2013),19159
AndrewPeterT,Talk:Tropical Storm Fernand (2013),Hurricane Liza (1976),19162
AndrewPeterT,Talk:1960 Atlantic hurricane season,Wikipedia:Featured topic candidates/1960 Atlantic hurricane season/archive1,19185
AndrewPeterT,Talk:1999 Pacific typhoon season/GA1,Hurricane Emmy,19249
AndrewPeterT,Typhoon,Talk:List of Equatorial tropical cyclones,19253
AndrewPeterT,Talk:List of Equatorial tropical cyclones,Hurricane Raymond,19254
AndrewPeterT,List of historic tropical cyclone names,Timeline of the 2006 Pacific typhoon season,19268
AndrewPeterT,Typhoon,User talk:Typhoon2013,19270
AndrewPeterT,User talk:Typhoon2013,1991–92 South Pacific cyclone season,19271
AndrewPeterT,2013 Atlantic hurricane season,Cyclone Madi,19285
Spiritas,User:Spiritas,User:Spiritas,19336
Spiritas,User:Spiritas,Invader Zim,19343
Father Leonard,Celtic Orthodox Church,User:Father Leonard,19359
Benny Verbis,User talk:Mrjohncummings,User:Benny Verbis/sandbox,19364
Fyrdraca,Age of Wonders III,Age of Wonders 3,19453
Fyrdraca,Age of Wonders 3,User:Fyrdraca,19454
Fyrdraca,User:Fyrdraca,File:City under siege in Age of Wonders III.jpg,19462
Mvrvm,Mind.in.a.box,User:Mvrvm,19471
Ankalalchalaune,User:Ankalalchalaune,User:Ankalalchalaune,19479
Ojgoraya2,User:Ojgoraya2,Heavy Industries Taxila,19485
Ahmed21212121,Compromise agreement,User:Ahmed21212121,19489
Charles Segal Music,User:Charles Segal Music,Charles Segal,19515
Confessionallutheran,User:Confessionallutheran,Independent Lutheran Diocese,19555
Katieannsmith22,Central Arcade,Wikipedia talk:WikiProject Symbolism and Art Nouveau,19561
Katieannsmith22,Wikipedia talk:WikiProject Symbolism and Art Nouveau,User:Katieannsmith22,19562
Katieannsmith22,User:Katieannsmith22,Talk:Modernisme,19563
Katieannsmith22,Talk:Modernisme,User talk:Johnbod,19564
Katieannsmith22,User talk:Johnbod,House for an Art Lover,19565
Justasaddream,User talk:(CA)Giacobbe,Curiosity (Carly Rae Jepsen song),19665
Justasaddream,We Can't Stop,User talk:STATicVapor,19732
Justasaddream,Don't Panic (album),User:Justasaddream/sandbox,19762
Justasaddream,Glow in the Dark (song),Do My Thang,19893
Justasaddream,User:Justasaddream/sandbox,Truth Serum (EP),20043
Rjesar,User talk:Rjesar,Unethical human experimentation in the United States,20117
The Host Lover,Benthic comb jelly,User:The Host Lover,20120
The Host Lover,User:The Host Lover,Saoirse Ronan,20122
Apoorvathegeek,User:Apoorvathegeek,User:Apoorvathegeek/sandbox,20164
ProudFL,User:ProudFL,"Fort Myers, Florida",20177
Cosettej,Lynn Webster,User talk:Eeekster,20211
Cosettej,User talk:Eeekster,Wikipedia:Teahouse/Questions,20212
Cosettej,Talk:Diamond Ranch Academy,User talk:Orlady,20234
Cosettej,Talk:Diamond Ranch Academy,Draft:HZO,20236
Cosettej,HZO,User talk:Philg88,20295
R. U. Abhishek,Antioxidant,User:R. U. Abhishek,20304
R. U. Abhishek,User:R. U. Abhishek,Kuvempu,20308
The Bloody Cat,User:The Bloody Cat,Luciano Kulczewski,20346
Shivanishad,User:Shivanishad,User:Shivanishad/sandbox,20352
Shivanishad,User:Shivanishad/sandbox,User talk:Shivanishad,20353
Arifsofg,User:Arifsofg,User talk:Arifsofg,20362
Arifsofg,User talk:Arifsofg,Template:TAFI barnstar,20363
Arifsofg,Template:TAFI barnstar,User:Arifsofg,20364
BenjaminDrury,User talk:Richard Nevell (WMUK),Florence Margaret Durham,20390
Evelenfiftyseven,Wikipedia:WikiProject Articles for creation/Help desk,User talk:Anne Delong,20405
Evelenfiftyseven,User talk:Anne Delong,File:Izettle logo.jpg,20409
Michou 13,User:Michou 13,Jules Maigret,20430
Squonkster,User:Squonkster,Phil Hall (UK writer),20514
Derube,User:Derube,Little Fyodor,20518
Essencerayne,User:Essencerayne,User:Essencerayne,20522
Asadwarraich,User:Asadwarraich,Pakistan Secret Service,20592
Asadwarraich,Pakistan Secret Service,Lieutenant,20595
Asadwarraich,User talk:RHaworth/2013 Oct 23,2013 in Pakistan,20612
Asadwarraich,User talk:RHaworth/2013 Oct 23,Army ranks and insignia of Pakistan,20662
Asadwarraich,Army ranks and insignia of Pakistan,User talk:RHaworth/2013 Nov 09,20663
Asadwarraich,Punjab Group of Colleges,User talk:RHaworth/2013 Nov 22,20740
Asadwarraich,Qaim Ali Shah,User talk:Omer rajput,20759
Asadwarraich,User talk:Omer rajput,Khyber Pakhtunkhwa Assembly,20760
Asadwarraich,Muhammad Iqbal Khan (politician),User:Asadwarraich/EditCounterOptIn.js,20767
Asadwarraich,Urdu,User talk:Wamiq,20805
Asadwarraich,General Raheel Sharif,Provincial Assembly of Sindh,20810
Asadwarraich,Election Commission of Pakistan,User talk:RHaworth/2014 Jan 25,20828
Asadwarraich,User talk:RHaworth/2014 Jan 25,User talk:Chamath237,20834
Asadwarraich,Lakson Group,User talk:RHaworth/2014 Feb 18,20846
Asadwarraich,Wikipedia:Changing username/Simple,User:Asadwarraich/vector.css,20909
Asadwarraich,Khyber Pakhtunkhwa Assembly,User:Asadwarraich/Header,20912
Asadwarraich,File:107.8 RadioJackie logo.svg,User talk:RHaworth/2014 May 22,20949
Asadwarraich,User talk:RHaworth/2014 May 22,File:Hüseyin Avni Sözen Anadolu Lisesi logo.svg,20950
Asadwarraich,Category talk:Fair use images that should be in SVG format,User talk:RHaworth/2014 May 30,20961
Sriganesh33,Sri Venkateswara College of Engineering,User:Sriganesh33,21027
Sriganesh33,User:Sriganesh33,Sri Venkateswara College of Engineering,21030
Md. Mosharruf Hossain,User:Md. Mosharruf Hossain,User talk:Md. Mosharruf Hossain,21053
BubbyJ,User:BubbyJ,User:BubbyJ/sandbox,21096
BubbyJ,User:BubbyJ/sandbox,Straight edge,21099
Fearjesus,Ram Revilla,User talk:DGG,21103
Fearjesus,User talk:DGG,User:Fearjesus,21105
Fearjesus,User talk:DGG,Wikipedia:Biographies of living persons/Noticeboard,21111
666frz,Talas tuco-tuco,User:666frz,21151
666frz,User:666frz,Wikipedia:VisualEditor,21152
Sillellis,User:Sillellis,Stan (song),21196
Sillellis,Wang Leehom,User talk:小玉,21200
Sillellis,User:Sillellis,User talk:Sillellis,21206
Sillellis,User:Sillellis,Eminem,21209
Salman mug,User talk:Salman mug,User:Salman mug,21225
Salman mug,User:Salman mug,User:Salman mug/sandbox,21227
Content.adder,User:Content.adder/Sandbox,Cover band,21230
Chigwalla,User:Chigwalla,Land of Punt,21268
Ntbjnh,User:Ntbjnh,Rina Aizawa,21280
HopHopHopHop,User:HopHopHopHop,Personal ordinariate,21300
Tatman37,User:Tatman37,Sphingosine-1-phosphate receptor,21324
Doggers westerdyk,User:Doggers westerdyk,User talk:Doggers westerdyk,21345
Nathan47,Avenues TV,Cheating,21546
Nathan47,User:Nathan47,Sports prototype,21548
Nathan47,Wikipedia:Reference desk/Archives/Computing/2013 March 27,Adolfo Jiménez Castellanos,21561
Tejgaon Nakhalpara,User:Tejgaon Nakhalpara,User:Tejgaon Nakhalpara,21615
Kate steiner,User talk:Mrjohncummings,User:Kate steiner/sandbox,21623
KCVearner,User:KCVearner,Saigon Zoo and Botanical Gardens,21628
Yemmij,Urban fiction,User:Yemmij,21633
SkykingTheGreay,Wikipedia:Tutorial/Editing/sandbox,User:SkykingTheGreay,21645
Louie Louiie,User:Louie Louiie,User:Louie Louiie,21648
Izus.design,User:Izus.design,Flax,21655
JInnmouse,User:JInnmouse,List of animals representing first-level administrative country subdivisions,21678
JInnmouse,User:JInnmouse,Christmas lights,21681
Stephane.huitelec,User:Stephane.huitelec,User:Stephane.huitelec,21749
Stephane.huitelec,User:Stephane.huitelec,Psychological abuse,21750
FactChkGal13,Trent Murphy,User:FactChkGal13,21809
Shaonsyedruais,User:Shaonsyedruais,Rajshahi University School,21931
Darts Romania,Romanian International Darts Open,User:Darts Romania,21958
Darts Romania,User:Darts Romania,2010 Romanian International Darts Open,21959
Xlunap,User talk:DragonZero,List of largest birds,22147
Roseofthedawn,User:Roseofthedawn,Daytime Shooting Star,22170
Superstarmaivu2004,User:Superstarmaivu2004,Tibbits Hall,22181
Superstarmaivu2004,Tibbits Hall,Tibbits Hall (Fredericton),22217
Twotimer17,Glee (season 4),User talk:BlueMoonset,22480
Twotimer17,User talk:BlueMoonset,Talk:Glee (season 5),22481
Poxorufis,List of animal rights groups,User:Poxorufis,22793
Poxorufis,User:Poxorufis,Draft:The National Animal Rights Day,22794
Calamity Hill,Talk:Thomas William Cowan,Wikipedia:Teahouse/Guests/Right column,22812
Calamity Hill,Wikipedia:Teahouse/Guests/Right column,Talk:Drumchapel,22813
Calamity Hill,Wikipedia:Teahouse/Questions,User talk:Moondyne,22846
Calamity Hill,Rent control in Scotland,User talk:Sagaciousphil,22850
Burfoa,User:Burfoa,User:Burfoa/sandbox,22864
Dumuids,User:Dumuids,User talk:Mishae,22878
Dumuids,User:Dumuids,User talk:Metropolitan90,22881
Dumuids,User talk:Metropolitan90,Jean Daret,22882
Clotheslover12,Morning dress,User:Clotheslover12,22887
AcochranASCE,User:AcochranASCE,ASCE Journal of Structural Engineering,22917
XxCookieMosterxX,User:XxCookieMosterxX,User:Teori Johnson,22957
DoubleTrebleTrouble,User:DoubleTrebleTrouble,ATLS-9701,22962
Awilkens8,User:Awilkens8/sandbox,User:Awilkens8,22967
TheEmeralds,User:TheEmeralds,User:TheEmeralds,22969
Wings444,Wikipedia:Changing username/Simple,User:Wings444,23017
Masterofmyuniverse2012,User:Masterofmyuniverse2012,User:Masterofmyuniverse2012,23029
Babagana M Gana,Kannywood,User:Babagana M Gana,23033
Helixitta,User:Helixitta,Transposable element,23035
Helixitta,X-inactivation,Template talk:Cite LSA,23037
Vegetablesheep,User:Vegetablesheep,FMC,23039
Vegetablesheep,Victoria University of Wellington Students' Association,User talk:Vegetablesheep,23044
Vegetablesheep,User talk:Vegetablesheep,List of New Zealand-related topics,23048
Ali Ismail Hulbale,User:Ali Ismail Hulbale,User:Ali Ismail Hulbale,23058
Winswang,Northwest University of Politics and Law,User:Winswang,23066
JohnSmith1989,User:JohnSmith1989,User talk:JohnSmith1989,23068
Darknessmaster64,"Wikipedia:Requested articles/music/Performers, bands and songwriters",User:Darknessmaster64,23072
Darknessmaster64,User:Darknessmaster64,User:Darknessmaster64/sandbox,23075
Mixmitch,User:Mixmitch,Nuclear power plant,23080
Hbauder,Illegal immigration,User talk:Alexf,23090
MephistoGF,South Tyrol,Talk:Frei.Wild,23104
MephistoGF,Talk:Frei.Wild,TSV 1860 München,23116
MephistoGF,Daniel Adlung,User talk:MephistoGF,23219
LehmannRobert,Enrique Arancibia Clavel,User talk:JHCaufield,23234
LehmannRobert,User talk:JHCaufield,User:LehmannRobert,23235
Nsambassador,Universidade Católica de Brasília,User:Nsambassador,23241
Varakalavara,User:Varakalavara,Man Booker Prize,23244
Uzzalpodder,Bangabandhu Sheikh Mujibur Rahman Science and Technology University,User:Uzzalpodder,23250
Bomlboy7,Template:Episode list/doc,User:Bomlboy7,23257
Debrafir,User talk:Anne Delong,User:Debrafir/Isla Phillips,23275
Lucyhackett,My Babysitter's a Vampire,User:Lucyhackett,23284
Lucyhackett,User:Lucyhackett,Jai Brooks (YouTube sensation),23285
Lucyhackett,Jai Brooks (YouTube sensation),Jai,23287
Lucyhackett,User talk:Lucyhackett,The Janoskians,23296
MUWECU,User:MUWECU,User:MUWECU/Userboxes/usTheW,23300
MUWECU,User:MUWECU/Userboxes/usTheW,"Template:The ""W""",23303
Maheshraj.cv,User:Maheshraj.cv,Chinmaya Vidyalayas,23321
Ba Kiwanuka,Liliger,User:Ba Kiwanuka,23333
Ba Kiwanuka,User:Ba Kiwanuka,Bhaja Caves,23334
Ba Kiwanuka,User:Ba Kiwanuka,User:Ba Kiwanuka/sandbox,23338
Danieltscott,User:Danieltscott,List of State University of New York at Purchase people,23353
JacobMason2345,User:JacobMason2345,Brighton Aldridge Community Academy,23380
Byfserag,Wikipedia:Wikidata/Wikidata Sandbox,User:Bluedeck,23399
Byfserag,User:Bluedeck,User:Maibu123,23400
Byfserag,User:Maibu123,User talk:Byfserag,23401
Byfserag,User:Byfserag,Wikipedia:2013 main page redesign proposal,23403
Byfserag,Wikipedia talk:2014 main page redesign proposal/Archive 2,User:Byfserag/sandbox,23405
Byfserag,Wikipedia talk:2014 main page redesign proposal,Chinglish,23413
Byfserag,User:Byfserag,Wikipedia:Templates for discussion/Log/2014 September 14,23417
Snow Angel 786,User talk:Snow Angel 786,User:Snow Angel 786,23429
Auro Varat Patnaik,User:Auro Varat Patnaik,Bharadwaja,23431
Auro Varat Patnaik,Airplane,User talk:Widr,23433
Baryalikzai,User talk:Baryalikzai,User:Baryalikzai,23439
Paulhstokes,User:Paulhstokes,Forest Stewardship Council,23443
Crazyforreading,Redbox Movie Awards,Wikipedia:Articles for deletion/Redbox Movie Awards,23479
Crazyforreading,Wikipedia:Articles for deletion/Redbox Movie Awards,Ferenc Gyurcsány,23480
Crazyforreading,Liposuction,User talk:Crazyforreading,23493
Crazyforreading,User talk:Crazyforreading,California Literary Review,23494
Crazyforreading,"Slovak presidential election, 2014",Wikipedia:Articles for deletion/Scott Holleran,23502
Crazyforreading,Wikipedia:Articles for deletion/Scott Holleran,Injectable filler,23503
Jimmy875,Inner West railway line,Sydney Trains,23531
Jimmy875,The X Factor (Australia series 5),Joelle (singer),23597
Jimmy875,Joelle (singer),User:Jimmy875,23610
GeorgeErgo,User:GeorgeErgo,Robin's Reckoning,24092
Tholiverar1993,User:Tholiverar1993,User:Tholiverar1993,24094
LNDDYL,IE11,Microsoft Internet Explorer 11,24098
LNDDYL,Microsoft Internet Explorer 11,User:LNDDYL,24099
LNDDYL,User:LNDDYL,CCTV-9,24101
LNDDYL,User:LNDDYL,CCTV International,24104
LNDDYL,User:LNDDYL,Soso (search engine),24107
LNDDYL,User:LNDDYL,Boonie Bears,24112
LNDDYL,User:LNDDYL,List of obfuscators for .NET,24123
LNDDYL,List of obfuscators for .NET,User:Ig2000,24125
LNDDYL,User:Ig2000,User talk:Ig2000,24126
LNDDYL,User talk:Ig2000,2014 Kunming attack,24127
LNDDYL,2014 Kunming attack,Two sessions,24130
LNDDYL,Two sessions,Remote Access Service,24131
LNDDYL,Sinking of the MV Sewol,Korean Coast Guard,24133
LNDDYL,Korean Coast Guard,User:Lexein/archive.today,24134
LNDDYL,User:Lexein/archive.today,User:LNDDYL/CSTLiveClock.js,24149
LNDDYL,User:LNDDYL/cate-langlinks.js,List of Wikipedia mobile applications,24155
ENKWMS,Wikipedia talk:Articles for creation/Live Footage (Band),User:ENKWMS,24173
ENKWMS,Bink (record producer),User:ChocoLantern88,24179
Paul2924,Wikipedia:Requests for page protection,User talk:Paul2924,24217
MahtherMandel,Mandokhel,User:MahtherMandel,24225
MahtherMandel,User:MahtherMandel,Humayun Khan Mandokhel,24226
Rian Geldenhuys,Vacuum cleaner,User talk:Materialscientist,24267
Rian Geldenhuys,User:Rian Geldenhuys,Pyramid scheme,24271
SimonApps,User:SimonApps,User:SimonApps,24280
VampyIceMan,User talk:VampyIceMan,2015 IFAF World Championship,24286
Jackgirl24,User:Jackgirl24,Devil's Diary,24299
Alexandralstiles,User:Alexandralstiles,Wikipedia:Changing username/Simple,24314
Jnanaskanda,New Moti Bagh,User:Jnanaskanda,24345
Jnanaskanda,Bakloh,User talk:Jnanaskanda,24452
Sowelljan,Appaloosa,User:Sowelljan,24538
Alexyates98,User:Alexyates98,User:Alexyates98,24542
Alexyates98,User:Alexyates98,User talk:Alexyates98,24543
Alexyates98,User:Alexyates98/sandbox,User talk:Alexyates98/sandbox,24550
Kelapstick on the Run,User talk:Kelapstick,User talk:Drmies,24569
Kelapstick on the Run,User talk:Drmies,Super Shark,24575
Kelapstick on the Run,Super Shark,User talk:Anna Frodesiak,24576
Kelapstick on the Run,User talk:Anna Frodesiak,Wikipedia talk:Requests for adminship,24579
Kelapstick on the Run,Wikipedia talk:Requests for adminship,User talk:LadyofShalott,24580
Kelapstick on the Run,User talk:Drmies,Jamie McCrimmon,24590
Kelapstick on the Run,User talk:Kelapstick,Dancing on the Ceiling (Lionel Richie song),24609
Kelapstick on the Run,User talk:Kelapstick,Romulan,24617
Kelapstick on the Run,User talk:Drmies,Nelson Mandela,24624
Kelapstick on the Run,User talk:Drmies,Phil Robertson,24628
Kelapstick on the Run,User talk:Drmies,Talk:Paul Newman,24633
Kelapstick on the Run,User talk:Drmies,User talk:Calistemon,24640
Kelapstick on the Run,User talk:Calistemon,Bruce Frisko,24642
Kelapstick on the Run,User talk:Drmies,Salina Turda,24647
Kelapstick on the Run,Salina Turda,User:Kelapstick on the Run/common.js,24648
Kelapstick on the Run,User talk:Kelapstick,Wikipedia:Sockpuppet investigations/ChildofMidnight,24650
Kelapstick on the Run,Wikipedia:Articles for deletion/I'd Rather Be Baking Cookies: A Collection of Recipes from Lisa MacLeod and Friends,Netflix April Fools' Day jokes,24656
Kelapstick on the Run,User talk:Drmies,Margaret Anne Barnes,24660
Kelapstick on the Run,User talk:LadyofShalott,"Griffin, Georgia",24664
Kelapstick on the Run,User talk:Kelapstick,Wikipedia:Requests for adminship/Go Phightins!,24675
Kelapstick on the Run,User talk:Kelapstick,User talk:Dennis Brown,24687
Btgolder,User:Btgolder,Talk:The Shard,24744
Btgolder,Talk:The Shard,User talk:Michaelmas1957,24746
Btgolder,User:Btgolder,Talk:John Frederick Nelson,24756
Btgolder,User talk:Kittybrewster,Wikipedia:Requested articles/Business and economics/People in business,24760
Zoylab,Talk:Taksim Gezi Park,User:Zoylab,24769
Kp091086,User:Kp091086,Short Term 12,24779
Sblasturfaceoff,User:Sblasturfaceoff,Wikipedia:Help desk,24801
Sblasturfaceoff,Wikipedia:Help desk,User:Sblasturfaceoff,24802
CentervilleDad,Jeff Sutherland,Wikipedia:Articles for deletion/Jeff Sutherland,24894
CentervilleDad,Wikipedia:Articles for deletion/Jeff Sutherland,Julián Rebolledo,24896
CentervilleDad,User talk:CentervilleDad,User:CentervilleDad,24898
CentervilleDad,User:CentervilleDad,Pickleville Playhouse,24899
CentervilleDad,Talk:Charles A. Stormont,Charles A. Stormont,24902
Bethky,User:Bethky,User:Bethky,24938
Bethky,User:Bethky,Hangame,24939
Bethky,Hangame,NHN Entertainment,24940
Bethky,NHN Entertainment,Talk:NHN Entertainment,24951
Jmettais,User talk:31.51.4.171,User talk:Qwertyus/archive2,24960
Manonbridges,Talk:Alchemy,User:Manonbridges,24965
Marcila28,User:Marcila28,Credit history,25013
Joshuaspikes18,User:Joshuaspikes18,User:Joshuaspikes18,25015
Joshuaspikes18,User:Joshuaspikes18,User:Joshuaspikes18/sandbox,25016
SarahTHunter,Steak,User:SarahTHunter,25043
SarahTHunter,Talk:List of Paralympic medalists in Boccia,Cretaceous steppes with Caragana,25074
SarahTHunter,User:SarahTHunter,Gert Krawinkel,25115
Naveen negi,Bigg Boss 7,User:Naveen negi,25233
Naveen negi,User:Naveen negi,Roy (film),25234
Laura-ORCID,Wikipedia:Changing username/Simple,User:Laura-ORCID,25268
LonelyBliue,Exo discography,User:LonelyBliue,25271
LonelyBliue,User:LonelyBliue,User talk:KimHaeri,25273
Brit-o-pedia,Talk:Lord of the manor,User:Brit-o-pedia,25419
IsabelJones,User:IsabelJones,John Owen (Royalist),25434
Wotan Daxpatyl,User:Wotan Daxpatyl,Graveyard poets,25487
Wotan Daxpatyl,User:Wotan Daxpatyl,Jim Fitzpatrick (politician),25516
BevWeHills,KTTV,User:BevWeHills,25662
Shelly Pixie,Talk:Gender,User:Shelly Pixie,25669
Shelly Pixie,Patrick Califia,User talk:Drmies,25706
Shelly Pixie,Talk:Patrick Califia,User talk:BobHelms,25721
PercyParkSharks,User:PercyParkSharks,User:PercyParkSharks,25740
EmeraldGreg,User:EmeraldGreg,Talk:Julia Gillard,25752
Limericist,User talk:Hantsheroes,User:Limericist,25756
Limericist,User talk:Limericist,User talk:Hantsheroes,25758
Gaea LaBelle,User:Gaea LaBelle,User:Gaea LaBelle/draft,25760
Gaea LaBelle,User:Gaea LaBelle/draft,User talk:Gaea LaBelle/draft,25767
Thanetian,User talk:Hebron14,User:Thanetian/vector.js,25788
DarkMatter8295,Oaklands Catholic School,User:DarkMatter8295,25800
Tiklimor,User:Tiklimor,SJ (singer),25811
Tiklimor,SJ Singer,2008–09 Texas A&M Aggies men's basketball team,25836
Tiklimor,Madhuban,Talk:SJ (singer),25859
Viibird,Zeitun Rebellion (1895–96),Wikipedia:Articles for deletion/Abraham modal haplotype,25922
Viibird,Wikipedia:Articles for deletion/Anatole Klyosov,Talk:Zeitun Rebellion (1895–96),25930
Viibird,Genetic genealogy,Wikipedia:Articles for deletion/Galilee modal haplotype,25972
Viibird,Betacoronavirus,EMC/2012,25979
Viibird,Wikipedia:Requests for undeletion,User talk:Coffee,26010
Viibird,User talk:Coffee,User talk:Ironholds,26011
Viibird,Wikipedia:Articles for deletion/Galilee modal haplotype,User talk:Missvain,26014
Viibird,User talk:Missvain,Wikipedia:Deletion review/Log/2013 November 23,26015
Viibird,Wikipedia:Deletion review/Log/2013 November 23,Wormwood (Bible),26030
Ceraex,Talk:Physical attractiveness stereotype,User:Ceraex/sandbox,26047
Ceraex,Starfleet Academy,Social communication,26058
Ceraex,Social communication,Deutschneudorf,26066
Ceraex,Social communication,Kupath Rabbi Meir Baal Haness,26069
Ceraex,Rachel Cosgrove Payes,User:Ceraex,26091
Ceraex,User:Ceraex,Global Maritime Situational Awareness,26108
Hakimi ramlee,User:Hakimi ramlee,User:Hakimi ramlee,26114
Hakimi ramlee,Rocky Mountain Lacrosse Conference,User talk:Hakimi ramlee,26119
AddWittyNameHere,User talk:AddWittyNameHere/Old Signpost Messages,User:AddWittyNameHere,26131
AddWittyNameHere,Wikipedia:Teahouse/Questions,User talk:AddWittyNameHere,26134
AddWittyNameHere,Talk:Rihanna,User talk:Gilderien/Adopt/AddWittyNameHere,26139
AddWittyNameHere,User:Gilderien/Adopt/AddWittyNameHere,Bill Haley & His Comets,26167
AddWittyNameHere,User talk:98.159.23.69,User talk:Tony1/Spot the ambiguity,26215
AddWittyNameHere,User talk:Tony1/Spot the ambiguity,Vaalserberg,26219
AddWittyNameHere,User talk:AddWittyNameHere,Mirjana Marković,26226
AddWittyNameHere,User talk:68.2.132.165,Soft,26230
AddWittyNameHere,User talk:75.158.167.64,Markerwaard,26257
AddWittyNameHere,User talk:190.236.137.75,Kimani Press,26272
AddWittyNameHere,User talk:12.216.82.130,Wikipedia:Articles for deletion/WeWi,26274
AddWittyNameHere,Wikipedia:Articles for deletion/WeWi,Francis Marion,26275
AddWittyNameHere,User talk:101.169.255.231,Adoxophyes orana,26279
AddWittyNameHere,Epinotia demarniana,User:AddWittyNameHere/EditCounterOptIn.js,26305
AddWittyNameHere,User:AddWittyNameHere/EditCounterOptIn.js,List of science fiction novels,26306
AddWittyNameHere,User talk:67.234.150.197,Todd Harrity,26316
AddWittyNameHere,User talk:68.11.76.78,Eddie Slovik,26337
AddWittyNameHere,Wikipedia:Articles for deletion/WeWi,Jacques Bretel,26425
AddWittyNameHere,User talk:AddWittyNameHere/Old Signpost Messages,Lepetella tubicola,26431
AddWittyNameHere,Wikipedia:Articles for deletion/WeWi,Elena of Montenegro,26434
AddWittyNameHere,User talk:92.21.63.2,Marcello Malpighi,26440
AddWittyNameHere,User talk:Hsmith22,Tortricidae,26446
AddWittyNameHere,Paralobesia viteana,Grape berry moth,26453
AddWittyNameHere,User talk:Ruigeroeland,"Joe Crawford (basketball, born 1951)",26459
AddWittyNameHere,User talk:Connorreitler,Timeline of Quebec history (1663–1759),26476
AddWittyNameHere,User talk:174.91.86.152,Will Hughes,26478
AddWittyNameHere,User talk:212.219.92.205,User talk:Materialscientist,26481
AddWittyNameHere,User talk:Materialscientist,Cumberland Presbyterian Church,26483
AddWittyNameHere,User:AddWittyNameHere/sandbox,User talk:Gilderien,26505
AddWittyNameHere,User:AddWittyNameHere/Subpage Index,User talk:24.180.252.194,26511
AddWittyNameHere,User talk:Ruigeroeland,Talk:PH Media Group,26517
AddWittyNameHere,User talk:Jenniferlever,User talk:76.101.159.198,26543
AddWittyNameHere,User talk:76.101.159.198,User talk:74.192.84.101,26544
AddWittyNameHere,Dirty Frank (comics),Wikipedia:Articles for deletion/José Arturo García Durán,26547
AddWittyNameHere,User talk:AddWittyNameHere,Bushra (Egyptian actress),26566
AddWittyNameHere,Boletopsis nothofagi,Wikipedia:Tyop Contest/Entries,26575
AddWittyNameHere,User talk:Georgios.lazakis,"Wikipedia:Articles for deletion/The Spirit Room (Fargo, North Dakota)",26599
AddWittyNameHere,User talk:24.7.65.15,User talk:187.252.103.226,26602
AddWittyNameHere,User talk:Materialscientist,List of Pomodoro technique software,26608
Piyalim2002,Sukirti Kandpal,User talk:Acetotyce,26637
Piyalim2002,User talk:Acetotyce,User:Piyalim2002/sandbox/draft,26664
Thepylon,User:Thepylon,Cairine Wilson Secondary School,26670
Waqi rasheed,User:Waqi rasheed,User:Waqi rasheed,26683
Waqi rasheed,User:Waqi rasheed,Moradabad,26686
Sangketdas,User:Sangketdas,User:Sangketdas,26710
Jakegantt10000,Ratchet & Clank: Into the Nexus,User:Jakegantt10000,26714
Murga Troyd,User:Murga Troyd,"St Mary's College, Maryborough",26736
CFredkin,User:NeilN,User talk:NeilN,26823
CFredkin,Talk:Tom Corbett,User talk:John2510,26860
CFredkin,Talk:Pat McCrory,User talk:Tiller54,26872
CFredkin,Mary Landrieu,User talk:Maximusveritas,26896
Susilehtola,User:Susilehtola,Mulliken population analysis,27286
Braj kishor kamal,User:Braj kishor kamal,User:Braj kishor kamal,27291
Phacelias,User talk:Phacelias,V-ATPase,27313
Phacelias,User:Phacelias,User talk:Daniel Mietchen,27317
VodKarter,Nu:Logic,User:VodKarter,27330
Silva184,Chan Sung Jung,User:Silva184,27354
Silva184,User:Silva184,David Loiseau,27376
Silva184,User:Silva184,Anthony Pettis,27386
Silva184,User:Silva184/sandbox,Court McGee,27496
Silva184,User:Silva184,Jon Jones (fighter),27559
Backman tuti,User:Backman tuti,User talk:Backman tuti,27791
Backman tuti,User talk:Backman tuti,Free content,27793
Serban Epure,User:Serban Epure,Wikipedia:Teahouse/Questions,27804
Serban Epure,Wikipedia:Teahouse/Questions,User talk:Jr8825,27805
Bharatha MP Thennakoon,User:Bharatha MP Thennakoon,User:Bharatha Prabhashana Thennakoon,27858
Tshuva,User:Tshuva,Psagot,27902
Tshuva,December 2013 Volgograd bombings,User:Tshuva,27927
Tshuva,User:Tshuva,Cyclone,27928
Tshuva,User:Tshuva,Alibaba Group,27976
Tshuva,Machatz-1,Dolphin-class submarine,28007
RandolphGG,User:RandolphGG,User:RandolphGG,28084
DrDillard,Anatomical terms of location,User talk:DragonflySixtyseven,28096
DrDillard,User talk:Jclemens,User talk:JZCL,28103
DrDillard,User talk:JZCL,Radiofrequency ablation,28104
DrDillard,Radiofrequency ablation,User talk:FeatherPluma,28109
R.S. Peale,Krishna,User:R.S. Peale,28112
R.S. Peale,User:R.S. Peale,Peptic ulcer,28113
R.S. Peale,Peptic ulcer,Wikipedia:Articles for deletion/MacType,28114
R.S. Peale,Wikipedia:Articles for deletion/MacType,Franz Kafka,28115
R.S. Peale,Franz Kafka,Talk:Maritime Telecommunications Network,28116
R.S. Peale,User talk:Gilmds,User talk:Gerda Arendt,28119
R.S. Peale,User talk:166.147.88.40,User talk:SL93,28125
R.S. Peale,User talk:SL93,Premature ejaculation,28126
R.S. Peale,2013 Pacific hurricane season,User talk:70.232.160.226,28134
R.S. Peale,User talk:70.232.160.226,Wikipedia:Administrators' noticeboard/Incidents,28135
R.S. Peale,Wikipedia:Administrators' noticeboard/Incidents,User talk:Kansas Bear,28136
R.S. Peale,User talk:79.161.173.130,Wikipedia:VisualEditor/RFC,28149
R.S. Peale,User talk:JLUKACS1,User talk:Jarrodclark,28158
R.S. Peale,Talk:Dav Pilkey,User talk:Ssilvers,28163
R.S. Peale,Starch,User talk:Plantsurfer,28173
R.S. Peale,Wikipedia:Administrators' noticeboard,User:Jesse1232,28177
R.S. Peale,User talk:Drseanmack,Wikipedia:Articles for deletion/John D. Lukacs,28204
R.S. Peale,Wikipedia:Articles for deletion/John D. Lukacs,User talk:99.102.227.28,28205
R.S. Peale,Wikipedia:Requests for page protection,User talk:Syedraza14,28207
R.S. Peale,User talk:Syedraza14,2007 NEXTEL All-Star Challenge,28208
R.S. Peale,User talk:PangolinLaser,Talk:Godzilla,28216
R.S. Peale,Subject–object problem,User talk:Mark Arsten,28226
R.S. Peale,User:R.S. Peale/EditCounterOptIn.js,Wikipedia:Fringe theories/Noticeboard,28262
Stolitsa740,Kamchatka Krai,Wikipedia:WikiProject Russia/Members,28392
Wrsherman,Battle of Bentonville,User:Wrsherman,28441
WilliamSherman,Columbia International University,User:WilliamSherman,28495
WilliamSherman,Ben Kyle,User talk:Techatology,28499
WilliamSherman,User:WilliamSherman,Romantica (band),28538
Jrnuttal,User:Jrnuttal,Nutritional neuroscience,28620
Maryannewacera,Horror film,User:Maryannewacera,28677
Gafeg,User:Gafeg,"Australian Labor Party leadership spill, June 2013",28681
Patrickimoh,University of Uyo,User:Patrickimoh,28716
Patrickimoh,User:Patrickimoh,Uyo,28724
Anesu1633,User talk:Anesu1633,User:Anesu1633,28727
Paul eva11,El Al destinations,User talk:Jetstreamer,28766
Paul eva11,Megan Young,User:Paul eva11,28809
Paul eva11,Candy Crush Saga,User talk:Madman,29007
Choirboyvallejo,The Lone Ranger (2013 film),User:Choirboyvallejo,29069
TravisWoods,Wikipedia:Articles for deletion/Mike Halfacre,Wikipedia:Articles for deletion/Chris Chiacchio,29074
Catmac3232,User:Catmac3232,User:Catmac3232,29076
ShapiroAM,User:ShapiroAM,User:ShapiroAM,29078
Smartyoddity,Attack on Titan,User talk:Smartyoddity,29085
Albertchembur,Mushtaq Jalili,User:Albertchembur,29158
Zerhacke,User:Anthony Bradbury/sandbox,Wikipedia:Changing username/Simple,29180
RyanBTFC123,User:RyanBTFC123,John Bostock,29186
Danielklee92,"Line 6, Shanghai Metro",Template:Shanghai Metro/Line 11,29201
Danielklee92,Fengzhuang Station,Template:Shanghai Metro/Line 9,29204
Danielklee92,Fengzhuang Station,User:Danielklee92,29207
Danielklee92,Template:Shanghai Metro/Line 11,List of Jessie episodes,29231
Danielklee92,User:Danielklee92,Rainbow Bridge (Tokyo),29241
Danielklee92,Kyūdai Main Line,User talk:Danielklee92,29279
Danielklee92,User talk:Danielklee92,Taki Station (Mie),29281
Danielklee92,User talk:Danielklee92,Uetsu Main Line,29283
DavidBellos,User:DavidBellos,Summer Heights High,29291
DavidBellos,User:DavidBellos,"Story: Substance, Structure, Style and the Principles of Screenwriting",29305
DavidBellos,"Story: Substance, Structure, Style and the Principles of Screenwriting",The Ragman's Son,29309
DavidBellos,User:DavidBellos,Project X (2012 film),29327
DavidBellos,User:DavidBellos/Mary Shenouda,User talk:StephenBuxton,29355
DavidBellos,User talk:StephenBuxton,User talk:NawlinWiki/Archive 80,29357
DavidBellos,User talk:NawlinWiki/Archive 80,User:DavidBellos/sandbox,29360
DavidBellos,User:DavidBellos/sandbox,Instructure,29363
Mtctcharity,Meta element,User:Mtctcharity,29378
Mtctcharity,User:Mtctcharity,Wikipedia:Sandbox,29379
Eynre,Psychopathography of Adolf Hitler,User:Eynre,29389
Eynre,User talk:Xezbeth,Krefeld,29392
Eynre,Zandberg (surname),Zapffe,29398
Eynre,Zapffe,Kornbluth,29399
Eynre,Wolke Hegenbarth,Talk:Rheidt/Rhein,29439
