username1,crn
*lover*&hater got a problem?,1
04nsmalleyb,5
09westor,7
111111111hibob,1
11porterj,3
12345678901234567890z,6
123654789et,2
12awq66,2
16cheungk1,2
420xweed,1
49ers14,1
4shoogen,1
7thshadow1234,4
A random noob,1
AKATRAZ99,3
AMANDARICON,1
AMCHLiverpool,2
Aarontylerburrows,1
Abhoogerwerf,1
Ablib8889,3
Aboutjane,5
AbusiveMorrisDancer,1
Active Ecuadorian Volcano,5
Adadasdsads,2
Adam1141,8
AdamSandlerSux,1
Adkmcdskmcspmdcp,1
AdrianChilesxxx,6
Afgunitt,6
Agirretxe,43
Agustus12,8
Ahaztecs,2
Ahba5p,5
Ahmei012,2
Akbaruddin Owaisi,8
Aknight142,6
Akshayep,3
Albert Boy,3
Alex12rocks,6
Alf247,3
Aliciadidit,3
AlienMan312,1
Altaff786,1
Althemise,20
AmBeRcOlE,1
Ambar9365,1
Amsnow9498,1
AnalFisting9000,1
AndyMarkis,5
Angela Criss,1
AngelaLee9898,1
Angelrekcah,2
Anoymous69,3
Applesapplesapplesapples,2
ArtemisGwen,3
Asadik123,1
Ashes123456789,4
Askssafdmsdfksdjf,2
Assmonger21,2
Augustboland,1
Avrahamburg,1
Awesome monk,5
Azfuzz,8
B therian,2
BJSelavkaS1996,1
Baconatorsforall,2
Badgercake,3
Bagel.potato.waffle,1
Ballshoes,5
Balzinthefog,4
BananaKing35,4
Bananmannen12,1
Baneful Mauler,1
Barcaboy555,2
Baron40,9
Batmantsogt,1
Bbennettz,3
Bdog256,4
Beautiful Angie,1
Beccaruffles,1
Beckford9,1
Befra11,1
Belovedbythewhitetoymaker,4
Belxitah,3
Ben525,8
Benedict.bien,3
Benmccann,7
Betterthanlebron,6
BiaSaori,3
Bianconerien,3
BigDickVanDyke,1
BigMinge,2
Bigfathistorylibrarian,3
Biggfizz,1
Bigone321,2
BillyHoldMe,2
Billybobboy,4
Biolagrad96,1
Bittu18,1
Blackout154,10
Blackpeoplesteal,1
Blademaster561,1
Blainaboy,3
Bleakstratagems,3
Blew800,4
Blo8888,25
Bloomingtonk12,6
Bluegenerate,1
Blueners1234,1
Bmorrow88,5
Bob0009,3
Bob1234567898,2
Bobbert2345,1
Bobbobbob123456789,5
Bobbyderp,3
Bobbylightbaby,1
Bobskis,5
Bobspalding,5
Boobybobjo,1
BoysSmellNice,4
Bpmaximus,4
Bradzarb123,5
Brandon22222,3
BraxtonRiddle,1
BrndnHD,5
Brocam11,5
BrockPoirier,1
Brockhole3,1
Brockhole4,1
Brockhole8,1
Bryanisaradguy,2
Bubbyknowsall,1
Bucky12345,2
Buddamorley,2
Buggatti22,6
Buklau Bicboii,3
Bumcheeks717,7
Burty17,1
BusinessLaw2013,1
Butefraim22,2
Buts2k97,1
Byebro,1
Byronwood,1
Caincoo,4
Caldervale99,2
Callumefc1,7
Cameron05230301,6
Cameron3356,2
Cbegman19,1
Charizard832,1
Chaz Boehner,4
ChePeron,2
Cheesepary3,1
Chese mikey,3
Chickenmcface,3
ChikenTalon,1
ChrisChupy,5
Christie4321,3
Chub22230230,4
Ciaranroy,1
Claidheamohmor,48
Clairlove619,1
Claymore124,1
CockediBlockedi,5
Comeau443847,6
Condomsecrets,6
Connosaw,1
Consucker3000,3
Cool guy is cool 69,1
Coolchaz01,14
Coonaldo,8
CottonEyedJoe2013,2
Cowsmop,9
Crazycat345,1
CreamCheaseJr.Negors,1
CreamCheeseNegros,1
Creedplus1,9
Creepa12,3
CrunchVanStruedel,2
CumbrianLegend1,3
Cumbrianlegend,11
Cvbnmm,2
Dallas Carpenter,3
Dandandandandandan,5
Daniel mcgill,1
DanielJJ,4
Dannycravenmorehead,1
Dansmith2424,1
Dark Nazarath,1
Darkzhadoz,3
Darthpineapple401,115
Dashflag123,3
David Malinin,3
Davidmister2000,2
Dawn Keibals,1
Dddash107,7
Ddorai5,3
DeadliestCatchLover9,2
Dearkeats,4
Death horn 5,4
Decaract10,1
Delaware2k13,5
Delmago1,1
Demonspud07,2
Derp29,7
Detfournier,1
Dfrety0,3
Dickman123,3
Dicks8769,3
Didsheputupafight,5
DillusionedDUDE,1
Diptomite,6
Dndelro,1
Doc Ock3,1
Dolphindive11,3
DossManTrainSpotter3000,4
Dr.jimmysanders,1
DracoPawnch,1
Dragan888,3
Dragon756,2
Dragonleo111,10
Dragonwarrior16,2
Dreamact707,3
DrewDickles,8
Drilldo69,2
Drloosen2011,6
Drokba,57
Duckymac01,1
Dumbledalf,5
Dumby12345,2
Dylancooldude,2
DziRe Jonessy,1
EJO12,12
Eatingbaconsince2000,6
Ebz212,4
Eclipse nerd,1
Egreen0748,2
Ekazp,2
Elfweird,1
Elliot.shambeau,1
Elliot82,3
Epicfail987654321,4
Epicmanof editing,13
Ericwarnecke,2
Etggamer,7
Eu1234,1
Eunwoo0530,1
ExcelletEditor000,8
Extermirance,1
Ezra333,1
F8bg,10
FAKEACCOUNTLOL123,2
FGNE,8
FISTFULofPWN,1
FLUFFYSOX,6
Faggetsd,1
Falcons101,1
Famousfreddyflow,9
FarceFan,2
Fast-TIGER,11
Fatpeopleunite54,2
Filippo campione,6
Fisherdude8,1
Fjlgsjlagfjlgs,1
Flying Farttt,3
Football boys,122
Footballboss72,1
Forbesy3000,12
Freaky2301,5
Freedyjr,2
Frogdick69,2
Fundun5,6
G0d0fBudder,4
GaIFACHOT,1
Gabe502,7
Gagua,1
Gamesaver29,2
Ggg2013,3
Giggle doctor,2
Girlinpink9999,2
Goats3415,3
Gopak17,1
Gordie1,8
Gotham123,1
GrandThrut,3
Grapefruitrenegade,1
Grobelaar0811,6
Gunyounoob1,2
HCHalexfan,5
Hacked Developer,5
Haloguy1815,20
Handoman123210,2
Happy890,4
Happybob701,2
Hartsleisure,3
Helloeveryone91919,1
Hgvhghg,2
Hippohippo2,3
Homosapiensapien1234,1
Honeybadgerdontcare7,1
Hotcumpocket411,2
Hudgecake,3
Humphybobsnake1,2
Hundoe21,2
HurricaneBlahg,3
I am a godly being,1
IAMTHECHANGER1234,2
Iambaconhawk,4
Iamthebuddah,2
Ianlim 94,3
Iarockguy,1
Idontgiveafuck1,1
Iji342,4
Ilikewaffle123,7
Imawikipidia,3
Independent investigations,3
Inferior17,2
Iopiop123,21
JARED112,1
JBecker16,4
JFDG,5
JMorgan1223,21
Jack0816,4
Jackass12456,1
Jackbadman123,5
Jacob.nolan32,1
Jadooda2000,2
Jafita32,3
Jake5968,1
Jakedabeast,3
Jakemonkey22,7
JamesRoberts321,2
Jasonballballing,1
Jax0527,3
Jcapeless717,1
Jebiah72,2
Jefferybackpack,7
Jeffrolfvondenbaumen11,3
Jesus epic,10
Jesusismymainholmes,1
Jetblackswagg,1
Jhdt1998,1
Jilianmichells,7
JinxItUp,2
Jipwill,8
Jishyllc,3
Jizztanker8008,3
Jjchingo,21
Jjdhdhhdhdhdhd,2
Jjjjjjgfhsdjhtduh,1
Jkolott,6
Jman2242,2
Jobmcdonald,7
JoeBobMantheThird,2
Joefish178,2
John Trollstone,2
JohnDame123456789,3
Johnjackjohnjack,4
Johnsmithisgroovy,5
Join d club,2
Jojoboy1234,2
Jojosniper66,4
Jonathanzimbron123,3
Jonny1967,2
Jordan Butler,3
Josephc3000,4
Jr930,1
Jstacy1,2
JuanXolos,2
Jude caird,1
JuicyPotatoes,1
JustinYanNumber1,8
Justthepersonguy,2
Jwinsser,2
KDNDJjdjdjddj,3
Kaboom4674,1
Kaityaudin,2
Kaiwid23,6
Kakamanal,4
Kappatau6,2
Katetha,27
Kawanyewest,2
Kazhuhggbn,5
KeNNy1337R,4
Keana01,1
Kendude236,2
Kevinphilbob,8
Kevinphilbob2,6
Khaduja,2
KieranChester,1
Kierankane1,1
Kim.nelson123456,1
Kingofpinkpuppy,9
Kleo7906,15
Kochoian,3
L. Hulbert,4
LOLjoevandel,2
LR1998,2
Ladiesman38,7
Ladybugg2012,1
LamborghiniDoorsOnEscalade,4
Lawschooleditor,24
LeMemeCentral,11
LeVanCoupSûr,1
Leaf117,7
Leckmichamarsch101,1
Leedlepoo107,1
Lefan Tan,3
Lemmy Decker,36
LenaDelRay,2
LesGuppy,1
Lewishousden,3
Likeaboss4545,1
Likmedowntown,1
Lindisy232,3
Liquorian,1
Lishanu 4,4
Littlegit64,1
Lizzy Green,144
Lman55,2
Loganf18,1
Lololojkjkhaha,1
Lolpeople101,2
Loltroller69,1
Loluuye838729823yugbriaan,8
Louie120493,2
Louiegriffin1,4
Lucas0707,2
Lukeburke123,2
M3TAT3RR0R,23
MADLOL987,1
MCFeltz,9
MR.SPARKLE'S-UNICORN-ZOMBIE,5
MYustin,8
Maher.salem5,2
Man1234567,1
Man7000,1
ManCityRoxTS,6
Manny112,14
Marco Calong Balatucan,6
Marcus Munitions,5
MarioSwift,3
MarioVSYoshi,3
Markake97,3
Marrattcal77,6
MasterHaydow,5
Mattandalex1210,5
Matthew wand,1
Matthewipod,4
MaxXster7,4
Mchandlee12,3
MeFreaky,3
Meeper45,1
MegaMinecraftPanda,1
Megayofish,3
Meh123456789,4
Melikedonkeykong,1
Meong124,5
Meowmeow14,1
Michelle24250,2
Midgetmaster123,4
Mikey11160,3
Miladragon3,2
Minmindougajuku,2
Miss Pauling,4
Mitchelldales,10
Mitchellriley46,2
Moayhsn,3
Mogsy181,2
Moneycashmoney,2
Monkeyheffa,1
Monopolydealfan,3
Monu Rohitt,1
Moondalek101,2
Mooseeeeeeee,3
Mosbruckercj,1
Mr. Greg R McPhee,2
Mr. Knowledge of PIE,2
Mr. happy happy,1
Mr.EdwardsSage,4
Mrdance62,11
Mrdoctorcanzer,3
Mrmunchkinhead,2
Mrryan2582,35
Muirmuffin27,6
Mvickdawgz,5
Mxobb124,8
My pie dot org,1
NCFCRAZYOFFICIAL,2
NOTELLTHEOTHERS,1
Nacker12,2
Nadernajem,6
Nahtek14,1
Nal-alami12,1
Nandu22,8
Narutorocks29987,5
Narwhalmcbobbins,1
Natecross97,4
Navyseals1209850,2
Nebiyu e,3
Nednerb1999,4
Nick valinchie,3
Nickname97,4
NickoTheSicko,3
Nihkilbhavekar200,1
Nirvanaunion,2
Notebooktheif,1
Notfinn,1
Nowaski,2
Nuclearaser,1
Nurielspanocha,1
NyiNyi Zan 22,5
OBAMA MUST GO,1
OFWGKTA7600,3
OfficialAnneHathaway,1
Old farter,4
Olemiss141,6
Olivercheng2003,1
Orlaghjo1,3
Ostrich84,1
Pakistantehreekeislaminqilabinsaf,3
Paperc,1
Passwords69,2
Pavel morozov3,1
PayMeMyMoneyOwed,4
Paybillycom,4
Peachez4life,1
Peanut Changer,5
Pedator12345,6
Pepamarkovac007,1
Peterwardle,4
Philly phillip,1
Phydo7,3
Pickford2012,3
Pieqqqqqq,3
Piero9,3
Pikminkid10,10
Pinkydwraf,1
Playeralex,4
Ponyluv12,4
Pooopie123,3
PooperNugget,3
Poopismylove,5
Poopnuke,1
Popsiclestick123,1
Pqkeaton,2
Pretendqusar01,4
Prisinor108,11
Prof. Loko,3
Proki,55
Prolarrytumblr,4
Prooktastic,3
Prytr,1
Psutcliffe,1
Puffin2012,4
Pwnclub,5
Python18,1
Qball5000,2
Quicksilver428,2
Qwerty50,2
RBFAN620,2
Rabby Ahmed Musa,2
Radium-512,1
RaidOtter,3
Randommonkey12,2
RaymondT.Odierno,11
Rch1984,5
RealJohnnyDepp,9
Reconix222,3
RedSoxStudent,1
RedditchRED,4
Redfernb,9
Redlichking3,3
Reese2778,2
ReggieReggieReggieReggie,1
Remington04,6
Reptiliansarereal,1
ReteledEht,1
RevengeOfBHS,4
Reznoff2,6
Ricdog69,2
Richard(E) Glover,1
Riflebellows,1
Rigneycon,1
Rlinn4753,4
Robert K.Jake,2
RobertArdis,5
Rockabilly77,6
Rodpix,2
Romitoma,1
Ron201219971,1
Roosterppr,3
Royalperakhacking,1
Ruthless Villain,26
Rya77777,1
S2044267,1
SDMIfanatic,10
SPSpyro,1
SWAMPASS,1
Safnumber1,9
Sakaisinai5,1
Sam13611,2
Samwatsonncfc,7
Sareddy1201,1
Sargeant Hitlah,1
Sazbxr1,2
Scallions1999,1
Sebreid24,3
Sepouh,4
Serengeti11,10
Setsunaa,2
Sexygrapepop,1
Shadeslayer036,1
Shadowguy123,5
Shashi420,3
Sheen33,2
Sheppkvn1234567890,1
Showco123,2
Siali07nile,3
SilverHawk156,2
Simon.magill,4
Sithara03,1
Sje711,1
Skateman988,4
Skin the twit,1
Skurlo123,1
Sky alves,5
Skydoesminecraft,1
Slamdog7214,950
Slarson711,2
Slesv,4
Smellyburrito42,7
Smittyredsox,10
Sméagol1363,4
SoManyNamesaretaken,2
SoaringEagle17,2
Soooo classy01,4
Spakkyrat,2
Spammmer,1
SparkBot,1
SpasticBrain,11
SquirrelBacon,1
Starociota,6
Steve Bassam,3
Stickman55z,6
Stoned nun,1
Stoneiscool,1
Strachan1988,1
StrawBerryMaster,2
Stupidtatertots,1
Suannaanabelle,1
SubaruLion8000,2
Suitgroup,3
Sultymcbuttsex,2
Sunshine Tanphiphat,11
SuperBJSelavka,4
SushiLuver22,3
Sushil231088,14
Swagislolz,3
Swagmaestro,1
TabbSingleton,2
Tablorprizerna,8
Tacobel,2
Tacobell11998,1
Tainted Ice,9
Tangoviper,2
Tc456,4
Teeheedove,2
Teeth69,1
Templerun5,2
TenthProfit,4
Terrance Fontes,2
Terry3439,35
Texas Liberal,1
Thatguyee,1
Thatjewishguy829,4
Thatoneguyee,1
The cenobyte,1
The dumbnut,4
The great jap,5
TheAnonymousOnes,6
TheTruthOfTheUniverse,2
TheWikiPikey,3
Thecrimdog,1
Thedoob,1
Thekillerboy,3
Thesuperawesome1,1
Thisisuserame,1
Thnmrks,15
Thomas Rollingto,8
Thompsonam23,3
Thomy98,1
Thunderwhip2000,2
Tigerpawnch,2
Timestamps,2
Timholloway5,2
Tom244mushroom,4
Tommyagrabowski,3
Tommysmith2592,4
Tonieana Danza,1
Tony age,22
Tony mick,3
Tonymontana1235312,2
Totallycoolz2,3
Tr3sLoverofToday,16
Transerd,42
Treemidjet,3
Treyno1,4
Troll4321,1
TrollKing 6969,2
Trollfaceman000,2
Trollmaster12345,2
Twalcott14,1
TylerSmith97,4
Uncledrew,1
Unicorn Slayer4,11
Unicornperson999,2
Uranuslover,2
Urmom2333,2
User222222,2
V8BOY53,9
Valcon71,7
Van-x07,2
Vedantvedant,2
Vgvjgbjnbbghfhb,3
Vniuvutbvgutgbtg,1
"Vocbdthyv byrbhnim, lnh i fhit. hd",1
Volcano Girl,2
Volcanofan101,1
Vraballs,12
Walale12,7
Wasahobo,8
Wenkstenks03,5
Werockpros,4
Wiki x King,7
WikiGoddest,2
WikiPlagirism,3
Wikicreeperrock,4
Wikinips,5
Wikiwikiword123,3
Willdalley,2
William1492,2
Willo sexy,2
WizardBeardBoii,1
Wreklss1,3
Wullysaurus,2
XXBOBMARLEYXx,4
XXDBLJXx,1
Xboxwwe2,10
Xdfgsfgs,2
YDHbulldog,12
Ydoc52,2
YesHrts,1
Yodasearhairs,4
Yoky8,1
YoloSwagins,1
Yoloswagymcmb,1
Yualmer,5
Yuiuy22,1
Yuyuop1,5
ZZpoa,2
Zainjamal1,6
Zanbaq2,1
Zgshocks,1
Zgshockz,2
Zionsmall,1
Zjslayer,4
Zombiedude101,9
Дадададададададада,8
洪浩唐,1
