username1,totaledit
18mherzog,7
20Horoz20,13
2CurlyBoys,36
4607john,2
59CustomCad,1
786utkarsh786,7
AGHELIUS,8
AMAYSS,77
ASniff,20
ASway24,37
Aabara oms,5
Aadeshtaleda,2
Aaronp7890123,10
Ace of Grands,3
Aclarke24,3
Acr015,24
Acroyogi,9
Adanali12,5
Admiralquirk,253
Adnilre95,12
Advocata,50
Aesthethe,2
Aferghes,13
Afzal jahangeer,2
Ag archivist,40
Aheberling,11
Ahmad Al Anmad,4
Ahmed199,16
Ahmedkhogli,2
Ailesdepapillon,4
Aimanjorjos,2
Aisha Hamid,55
Ajnds,2
Akhilesh.pal4,3
Akseli9,356
Akupratis,43
Alejandro Dorta Mesa,5
Alexandre Candalaft,432
Alexbrickwedde,20
Alexdemare91,4
Alkalinenick,4
Allcoolusernamestaken,4
Alnagi albasra,3
Alonduro,60
Alphabetfood,81
Alpheus2000,7
Alto Solo,6
Amaggiemay4295,2
AmandaSilver15,63
AminMDMA,261
Amosjfrancis,99
Amsterdad,499
Amylynn0815,28
Anas Akeel,4
Anastasya k,27
Anthony 432,2
Apex Zen,93
Arash adelpour,8
Ardeke,15
Ari Cushner,66
Arif Raza Una,9
Articlar,3
Arune1385,6
Aryanoryan22,8
Ashamedant,499
Assil.arajy,16
Assumulator,5
Atcwikieditor,43
Atrsungra,3
AussieResearcher,1
Austindavidriley,8
Awb48,6
Awesome69fu,1
Ayub407,499
Azackta1,438
Azkle,14
BajorRules,2
Balachandar Rbk,1
Balasekar.v,19
Bald white guy,93
Baldev Chaudhary,1
Ballack mitch mugabo,2
Ballyduffer,2
Bamisebi Richard,4
Banabissat,14
Banchasana,65
BanglarBogra,2
Bclopez09,23
Bellarybrother,144
Benescreve85,44
Benjamin max,52
Bensmyers,109
Beth.nelson89,9
Bigbunny1,1
Bigmoney137,40
Binhtruong,56
Bitcribs,1
Bjsanborn2011,2
Blchadick,19
Blythwood,499
Bmcomer,86
Bmuperle,103
BobMillerSr,23
Bodemanitoba95,16
Boomiiez,182
Boring Spassky,3
Bphussar,148
Brad2Earth,1
Bradleyhintze,5
BragaMan,6
Bret Schnitzer,4
Brian Probert,2
Brianjoseff,31
Brianna S.G.,6
Briemder,32
Briggsie68,36
Brightjani,17
Britney Strommen,2
Brooklynelyse,12
Buhisan.ph,3
CD1975,4
CODEWAR,32
Cabledatasheet,17
Cairn2,2
Canbaz41,8
Cantiun,4
Canucktunes,9
Casey E Kelly,48
CassieAgirl,19
Cavongrant,1
Cdrellishak,20
Cdtennis15,1
Celine Hajjar,19
Cgchapman,123
Chai730,12
CharMarTaaRey Fan,2
Cheals12,54
Chelsey.kjelland.2,36
Chermenox29,21
ChilledEnderman,5
Chintan Mehta.CM,11
Chorndavid,5
ChrisD3000,6
Chriyu,26
Chrsimon,18
Chuckergrande,8
Circleofclouds,4
Cjeffery.geo,312
Ckbiology,35
Claritycr,52
ClassicNickelodeon Fan 1,45
Cleann,28
Cleeho,13
Cliff Ombachi,2
CloudMX,15
Clube Caramello,12
Cognoblaze 13,8
Cole.pujara,25
Colsen09,31
Commonwealth3,25
Concepts of Learning,10
Cook34,10
Coolalee,7
CosmicOsmo88,4
Cristamm,13
Cryptotich,2
Cteung,73
CupCakeMadness,3
Currentkylie,3
Czestja,4
D-Dawg,27
DHninjaman,4
DJ Kev J Mudalpath,2
DMSWP,6
Dahir Hassan,4
Damikovich,14
Daminjohny,1
Danh108,499
DanielQueiros,18
DanielfBothma,6
DanielleForrester1991,407
Danirlopez,2
DarkWinxGirl,3
Dashaun15,14
DatKeldeoPony,2
Dave DeWitt,4
David CMT,59
David portelli,3
Delasprok,5
Denismanasievvukotic,17
Deonyi,288
Der-wuppertaler,79
Developmentalbio,45
Devidmake,5
DevinGardella,29
DevonJ140,3
Dfern92,54
Dharmeshramesh,2
Dharmveer jangir,2
Dideds,36
Diduful,13
DilbertReality,77
Dina del Valle,8
Dioptase,18
Dizzle Da Prince,2
Dkoallpro,10
Dmclaughlin1,2
Donna Emmett,22
Donnell316,13
Dopeaquarium,16
Dpant,7
Dperonkov,7
Dr Simon Allard,1
Dr. Sego,1
Dr.Vignesh Resal Raj,10
DrLinguini,65
Dragan.Lund,2
DrewGrimaldi,4
Drewbeedooo,34
Driftmaster130,23
Drizzious,3
Drjeremywendt,4
Dtjohnson79,83
Eajohnson09,11
Eapowell,6
Eb555,6
Ebifritz,9
Echinacin35,288
Editor726,5
El Durazno Jerez Zacatecas,2
Elejosa,2
Elisabeth thun,4
Ellakanthan thirukkovil,3
Elldog,2
Eng395jy,80
Engineers worlwide,2
EpicOz2013,9
Esbend,8
Etiffen,16
Evelyna Emichedo,3
ExampLe1337,40
Ezedav,1
F.Moshammad,109
FAH28,42
FLASHBUDDHAI THE BASS-KONG,7
Feliciajones1,3
Fevicolse,9
Fie03,9
Filipospao13,3
Fillio.gurgon,31
FireTheIncumbents,26
Fisherdickens,3
Flamelive 55,2
Flaviench,8
FlorianHartig,5
FoxyOrange,499
Frankrolf,4
FreeDumBringah420Blaze,5
FunnyPika,499
G-Boson,22
GENIUSBLAZER,4
Garrikal,2
Gaurav363,89
Gazzas46zs,82
GeneralBagel,2
Geography101,195
George Kastrioti,10
Georgedixon,1
Gfolan,36
Giovanni Handal,9
Golden Specter,329
Gopal13,49
Gosilove,2
Gre Galust,12
GreatFranky,2
Greg Aidala,14
Greycliffs,11
Greyman101,5
Griff88,347
Guavo,6
Gudnykb,15
Gummyson,4
Haeisen,20
Hakankoc1900,10
Hamedharry,2
Hanne GAS,2
Haritosh,18
Harlowcc,9
Harris Aggarwal,249
Hartadam,34
Haschone,35
Hassankhan345,25
Hassanshiekh7,47
Havensfire,46
Heatlord,29
Hellodough,42
Hexadecimalmonkey,11
Hidayatshikari,1
HistoryofIran,499
Hoboforever,37
HonorTheIsland,499
Hydra of Arcadia,66
HydroArgentum,11
IPwn4G,1
IZRozin22,37
Iamiwq,20
Ianfederov,6
Ibrahimlawal,3
Iconografa,4
Idsoftpro,3
Ijhaniff,62
Ikewade,29
Implicatum,3
Impulsleistung,13
InfinityBandit,9
Inkarnasjon,8
Irajeevwiki,260
Isbusa,29
Isetem13,72
ItsAudioworm,3
Ivy7blue,9
Iwenn1125,10
J. J. the User,6
JAVA3JBC,19
JDCaveman,13
JETPACK JOYRUIDE,23
JHINDELAWARE,7
JLM003,112
JPhillips416,5
JZBolton,20
Jack Odanaka,7
Jai98,499
Jamain Gordon,1
James Gitonga Mburugu,16
James Little42,11
James Moulding,30
Jamesmin89,66
Jangbahadur Shingari,2
Janmac229,19
Jastout,129
Jasualcomni,7
Jatinartist,2
Javaman1145,343
Javed Toosy,2
Jeddo makawe,2
Jenks27,107
Jhamann15,172
JhedIlocsoTV,2
Jiayuliu,30
Jillianlj87,65
Jino amal,56
Jjj1238,499
Jkion44,5
Jmari0818,76
Jmathews63,23
Jmudukes88,160
Jnvlieland,3
Jodosma,499
Joeystanley,499
John3corrigan,1
Johnathon124,3
Johnboy80,6
Johncolbyjr,6
Johnnyice213,3
Johnstonevan,20
Joleneh340,17
Jomerinwiki,11
Jonathan Jennings,1
Jonggeol,21
Jonhmarsh,5
Jooster b,10
Jose L. Rios Gracia,42
Jose ney,5
Joshalos,2
Joshnewport,4
Jrmcnall,10
JuliaCousinsky,18
Julianthedictionary,6
Justice1986,1
Justmewiking,81
Ka whe,30
Kanera.lashari,8
Kap 7,499
Karolle,11
KasperNielsen88,4
Katdrei,2
Kathdani,16
Katselas,10
Kayhau05,49
Kayleighjenner,2
Kcsmit,162
Kellyholder1,14
Kevalbhavsar2211,6
Kevin13523,2
KevinDInno,222
Khh1234,2
Kiciatycia,349
Kieronjames2013,1
KimberlyLoaiza,27
KinRagamine,4
Kinderlander,94
Kingbub,2
Kinkyknikers,4
Kirsten-duetsch123,5
Kittymena,3
Knackerednewdad,9
Knowanceforall,26
Konrad.zaniewicz,3
Kpprodduturi,5
Kraucrow,30
Kubalibra,6
Kunalguptasap,41
LAYANAYAL,21
LaPoint,55
Lac237,15
Lainiwaku,5
Lalji nit,161
Lambuchak,3
Lange.lea,250
Lankrist,35
Latentsleepy,17
Laura.adamson,9
Lauramarie pepsin,4
LaurentianShield,499
Laurenwking,78
Laurenzia,20
LaurieHardman,39
LavaJuggler,13
Lavenderinwater,17
LebanonHistorian,86
Lee Bunce,499
LegendsTour,14
Leslie Joy Nagagor,7
LessIsMoar,5
Letsraceturtles,10
Levdp2,7
Lfclegal,6
Lillias Morton,2
LilyTheMaltesePuppy,5
Lionandpeace,90
Littlebi42,8
Lks06gaven,2
Loopsyel,3
LordOfTheCardies,9
Louis Reed,8
Low Pass Shalter,3
LukeBK,83
Lukesimo,16
Lundunimeme,3
Lyndawood1958,30
M Narayan - The Artist,6
MGW NRC,23
MMBiology,176
MPAMIRE,2
MU77,137
MUHAMMEDQASSIM,3
Mainfoot,74
Mangai Vellingiri,44
Manuelmorales1997,22
Maps9000,31
Marco de T,205
Maria Izabel,60
MariaDeniseWalker,3
Marissabg,12
Marissaweinkauf,18
Markjhouse,2
Markusdg,30
Marqyank27,22
Mastanton,11
Maximus155,153
Maxpearcy,3
Mayatenb,3
Mbroskamp,22
Mcrwylie,24
Mdprinters,9
Mdseriis,126
Me.riteshjani,3
Medche,5
Medstudent213,19
MegaMan7850,2
Melaniejching,8
Memes of the dead,2
Meowlivermix21,5
Merosss,9
Mgantony,44
Mgduffy92,47
Michaelterrigno,3
Michel Erdmann,5
Michel talledo,2
Midiera,5
Miningpyropony,499
Miranda Anderson,11
Mirfendereski,4
Miss Princess USA,47
MissRivers,7
Misterpapageno,5
Modelknowledge,19
Mohammad irsad,6
Mohammed kaabar,8
Mona osman blil,1
Monelson,53
Mongobongohongo,32
Mountsurad,31
Moviebharat,8
Mr. Awesome Falcon,15
Mr. D - Doddy Hernanto,7
Mr. Seafall,67
MrWeems,3
Mrkwillson,5
Mrrrrrp,9
Mshepha,46
Mssemantics,104
Mtdillman,49
MustafaAslanbay,37
Mutak94,9
MyLs,3
N1424,82
NNSS32,2
NSDhaliwal,27
Naf312,13
Nafaiz,6
Nana Poku,1
Nancyb672,53
Narendrakumarsaini202,3
Nashjeff,8
NataschaBolden,11
Nathanjones345,3
Nattamkar.farooqueahmed,10
Naveenchand3,9
Necromiko,2
NemoD98,4
Newconsonance,58
Newhousj,185
Nexyn,49
Nhollywoodmusicnews,3
Nigel Pokfulam,2
Nightwolf01,4
Nilbog Vegtable Man,2
Nitesh kamalpuria,2
Nitrobullet,9
Nitsmorbi,2
Notes from the underground,31
Npadgett,38
Obamanator1793,21
Obloid cow,116
Okoche,2
OlafBerserker,33
Om prakash raja,2
Omorjgcc,2
Onedirectionoh,4
Oscarthewise,9
Oseini,2
P6w9jrkv85437rehvd5enrbyut4b,4
PHargrove,6
PJ Aranador,2
PJCollettJHU,62
PR2696,2
Pabowen1,152
Paigdeck,23
Painkiller01h,8
PaintItPlaid,17
Pandsungua,2
Panthrax1963,7
Panto on Ice,4
Par2121,3
Parham ashimashi,5
Patriciaskinner,2
Pattycarabelli,85
PaulaStockman,29
Pedantic Person,164
Pepelikana,7
PercytheGreenEngine,7
Peterbereta,2
Peters Kimbley,4
Phorion,35
Phyatt,2
Pitchforkd33,2
Pkleinr,16
Plcoopr,114
Pmostrow,3
Polkmalik,2
Polonius7011,7
Polten,32
Postmahomeson,18
Pradeep kushwah,2
Pranavrk,21
Priya Singh,5
Prof John Chibaya Mbuya,14
Psatsankhya,89
Pstacey,3
PunkRockHappy,4
Punkfighter,38
Puppy100000,10
Purnendu Karmakar,151
PurpleMesa,61
QueensPerson,5
RIPRandyRhodes,15
RLG429,15
RM395,166
RMANREY2003,3
Radiodude13,21
Rafefan,16
Rain nery,19
Rajkumar jadhav,3
Ralphiegreen,3
Ranjit Sran,5
Rarus,7
Ratiram Payal,8
Ravinder insan,3
Raymaxxp,43
Raziffra,11
Rebstei,11
Redcpb,66
Remo.g.ashish,4
Renda hair,3
Respawnd,3
Reverend Eccles,106
Rewarded Wolf,21
Rezaeeali,9
Rfill1rd,20
Rianca Lopez,4
RicWatts,77
Richie622,33
Riegern,12
RiseOfMann,13
Rishikesh ayre,3
Ritesh S.Bhanushali,4
Rizen4rmDeath,25
Rk195057,10
Rkkhare,33
RobertKintigh,4
Robwiki14,14
Rockasband,7
Rockyrock632,499
RodeoWrangler,2
Ronald dickerson,3
Ronmader,3
Rosenblumb1,17
Rosiesievers20,101
Rovan Vaz,6
Rusty595,5
RuthLivingstone,499
Ruy costa,499
Ryenocerous,100
SHOTHA,112
SKTIsHood,10
SMK2013,32
SZhangJerry,17
Sabadiasoud,3
Sagunshakya,5
SalgadoNYC,5
Samaale1,4
Samuel petan,17
SanapPriyanka123,6
Sandy88950,2
Sanjaygkp,2
Sanjibchakroborty,3
Sannybear,111
Santhu movies,2
Sanyad23,218
Sarah AllenDHP,39
Sayappa Metakari,29
Scotty177,38
SculptorUK,4
SeaBigPop,61
Seannator,99
SegaKing247,44
Semudobia,168
Senale,9
Sencina,7
Senorpepe23,3
Server1234,4
SevaTse,2
Shadowbat2034,2
Shafiq149,1
Shahid1213,2
Shamprabhakar,42
Shannondelarey,3
Shant meeroian,6
Shaun considine,4
Shep36,6
Shuan.tan,4
Shyamlraj,2
Sidimomo,5
Silambarasan civil engineer,6
Silver waffles,9
Simonturner34,21
SioneF,118
Sir.Odin9,6
SirTrunkerton,14
Sivakumar.muragalla,13
SkullOptics,10
Slabada,4
Slimdoofy,9
Smhenry87,180
Sneazy,459
Snomasnayr,5
Sohelbd78,2
Solarys-fr,404
Somenathsen,2
Somepersonyouknow,15
Sorbeadindia,3
Sorianopaolo,17
Sounak181291,9
Space alligator,421
Spaceman Spiff Jr.,7
SportsTheory,10
Spuente0103,30
Starfish513,25
Starlighttango,3
Steve jekel,16
SteveAntosca,8
Stiffeh,1
Stiven2394,11
Stratosmonger,4
Student0901,170
Sublexis,7
Sullivanriley,3
Sumandey007,1
Sushimaster1999,3
SuzyParkerfan53,44
Swaterhouse,223
Sweetgirl12345,9
Sweevle,20
Swiftscw,23
Syampulipaka,6
Symonhh,4
Szhu008,24
TR Amnesia,3
Tahmin1999,2
Tallfromstpaul,141
Tamakoma,5
Tap tamizh,5
Tayyabmanzoor,85
Teamdulwich,499
Teeveefreak8802,2
Teleram,44
Tempo manic,23
Terry Cagney,22
TestSadads,5
Tgrosinger,73
The Giant Purple Platypus,431
The.wiki.gnomes,5
TheBill970,25
TheContemporist,8
TheCuesta,2
TheMadBulldog,23
TheRobotPants,78
TheRunningDude,3
Themaskedgentleman,5
Theprophet11499,2
Thornsie,57
Thx1138samos3,4
Tiberius P Cowberry,3
Tiny Trot,12
Titilebateau,2
Tkcrown,91
Tmts97,11
Tom Appel,9
ToothyMoose,3
Torch Perish,2
Torramine,28
Traditionsandhope,2
Travis Freetly,144
Trey7,2
Tsbarber,15
Twister416,91
Tyece Monique Arthur,3
USGESY,62
UWRishi,21
Umfundisi,32
Undermig,10
Unearthly Stew,76
Unfriend13,372
UnionPlace4,6
V33305943,3
Vanhans,4
Vanished User 2,7
Vanished user lalsdi45ijnefi4,499
Varavanan,10
Vargasr39,14
Velona,12
ViaJFK,11
Vikash2088,2
Vittoriofrancis,57
Vseth,9
WEP2013,14
Wallyedwards33,7
Wangyj319,8
WeberOwl,99
Wesley G Hunter,2
Wesleyb ipensatori,2
WestCoastStormWatch,217
Wihliwatts,2
Wiki2013puki,1
Wiki4Blog,134
WikiBrainHead,38
WikiFrow,36
Wikidcat,3
WillyWon4u,2
Windywalk,383
Wintrynight,9
Woda Bladesworn,2
Worsepainting,93
Writ105MHornPlayer,17
XGO KING,1
Xanco,27
Xichi,15
Xkcdreader,499
XndrK,386
XxDalekcaanxx,94
Yabopomonofonomopo bay,166
YapsCarrot,88
YaqiYang,2
Yaryna ya,10
Yaseen.ghori,2
Ybidzian,499
Yhlim,11
Yloop,14
Yogi.kumar1233,8
Youngpenn,146
Yuracei,174
Zanpan,29
Zjryg,15
Zotezangu,499
Zubair Torwali,12
