username1,nts_nts
Edit Author,0
Chimpoo1000,0
CommOERChip,0
Rydbergite,4
Hal.MacGregor,0
Eebeejay,2
Pachydermatous Mameluke,0
Muhammad Ibrahim Ahmad,0
Souagague,0
ImmersionHeaterGuru,1
IngeWinter,0
IA-chemist,8
Burgerconquest,0
EricsonWillians,5
Freewake,0
AchisDeGeth,14
Not so slim shady951,0
Gummif,0
Jascalara04,0
Jacobarmstrong472,0
OfficialRikudouSennin,0
ScreamingDuck,35
Dabomb44,0
Gingeroscar,51
Highrez2,0
Smuggli,1
Verogreg,0
Hedonil,0
Ecofica public,14
Brianjh59,0
Zafar.saqi,0
Digghutid,0
Aditya44 patil,0
AugurNZ,1
Bekhouche Salah Eddine,0
Xontia,1
Pocketkings,4
DBrown SPS,66
Sinpucas,0
Lwarrenwiki,19
ProKro,97
KayleeS17,0
Seeann,2
Jeffelliott1986,0
Brian McInnis,16
CAChristiansen,0
Irfanbodla,9
Jeevan King,23
Pontobaggins,0
Runwork Mharadze,0
Ouraboros,0
Yulemorelli,0
XXX8906,15
Mudpuppie,0
Jorge Alejandro Luiz,0
Jolanil,0
Machinehead61,5
Aubnd001,2
GBEnholm,0
Naser1919,0
Thennicke,29
KeepWikiNuetral,0
Kelly0327,0
Kamalika1912,0
Tessi87,0
Rosevilleblogger,0
Blanchflowered,0
ITeachThem,6
FunkyMonkeyTM,0
NorbertStu,2
Mcfete44,5
GoYankeesBaseball,0
Japittma,0
Asa.zaidman,0
Alexnicolejones,0
Kevinzehnder,0
Jacob Steven Smith,39
MarshF,1
Carlosleiva01,1
Nessyhill,6
Ho Nguyen Han,0
Vanguard Scholar,4
Discotechchart,0
Humayoon Haman,0
Kimgerly,0
My name is catbug,0
Endlessct9a,2
S90ra,59
Johnsib,0
Sepiatint,0
Arxquefyga,4
Duke Khan,0
Serrellgris,0
JanZdreantza,6
Nacho mugica,0
Bubbybubs,0
Ideator 2.0,15
Tahitilink,1
Ritvikvikasmishra,2
Exiledlad,0
Gchac,0
WeThePeople94,2
Gabbahead.,6
Ellygensy,1
Sjcyoung,0
Vpandrangi,6
Marcgys,0
AlexWelch7,0
Aldinus,0
Anthonyhallop,0
Sthelen.aqua,1
JialeAven9erEX,26
Melindaross,0
DPRoberts534,3
Zwankie,0
Purplepencap,0
Lord jafar,0
Johan O. Johansen,0
Jerseyvinyl,1
Phosphers,0
Irinoa,0
David Cary Hart,0
Ascherger,0
Deniselee26,1
Outrageoussocks,1
Asen3000,0
Marshmallo80,0
Catherine Booth,0
New Philippines,0
L.Warren18,1
Jlsmith2,0
Blogwire Media,0
Nbomber97,0
Cnbroady,0
Sean.tyl.and,0
Scott Samwell,0
Rahul69404,0
SlushO1,0
DeathStar1977,0
Swainindia,0
Amir hilmey,0
Rathore172,0
E Julienn,3
JohnWilson78,0
Kaijones5245,6
Imanhitman,0
4h8s,3
Idontcareiloveit,0
JoeKunkel,0
Shipdew,2
Me at CS,0
Dbosleyjr,0
Jayaguru-Shishya,66
Yung kevin,0
Btheils,0
Tpagrl,8
Piratenfiber,0
Sarah Wray,22
LordSpeldhurst,0
McTALAO,0
Meetsantanudas,0
MrGaganGowda,0
Timbo303,1
Mfb,36
Foxtrot514,1
Wombat aficionado,0
Christopher Nathaniel Stowe,0
Miqbalsial116,0
Happy5214Testing,3
Jackanthony78,0
Dkmarshall,0
Aschefkind,7
Roxette5,0
MrBauer24,0
X=CaptainMouse=X,0
WikivilleInc,3
Evansville 1947,0
SefBau,0
Grinbriar,2
Lynch Johnny,0
OdentheGray,0
Nustaris,0
Samfromgib,0
Thebrownemdash,0
Aliciacanas,16
Helenflanaganmad321,0
Mneilson-usgs,0
Inessa Alaverdyan,0
TMartin001,0
Astredita,26
LibbyWard,7
YahZila,0
Soccer9101112,2
Luca M,5
Ohthatphoebe,4
Jpoles1,1
MartialArtAddict,2
Rochefoucauld,0
Stan powers,0
JOzuna25,0
Finishing Touch,0
Wbnc411,0
Cptmrmcmillan,184
ZH92,0
Kondratev,2
Dr Daly,0
Halifax Grammar School,0
Donshel,0
Kamanisamarasinghe,0
HueyLouie2e,1
Nacharya70,0
Thebraddavidson,0
Erictheenquirer,29
Tania from Leeds,1
Nicmarlo,0
Marjo99,3
Marzians,3
TrystynAlxander,1
Praveen.ujjain,2
Ksulli,2
ShadowMerckx,3
Senor Mido,1
Aaron Aim,0
Seffwiki,6
Shyam.97,3
Anyrchy,1
SupaRokku,0
Lzachman,0
Arifin.wijaya,9
PeterMan844,38
SkippingABeat,0
WikiKroN,0
Stonecolecrazy,0
Dagosto,0
Abysmally,11
The French Rat,3
Hoompaloompa,0
Adampega,0
Jboone21,0
Volleyballgirl9786,0
ThankGNU,0
Charles ar,0
Kontee,0
WKChris,0
SpartanA009,0
Teambonobo123,0
Oldporridgeoats,1
Man Ejii,0
Labeach2002,0
Sarmocid,0
Bernardwoodpecker,46
PapaPhred,0
MLiu19,3
Matt7:15,0
Tambo234,0
Yadav ramnaresh,0
Jason blogger,0
StevenD99,7
RackinRibs,0
Marcus1979oz,3
Alexdouthitt,0
Uhmoortuhl,1
Jonathan Calebs,0
EricEnfermeroMobile,17
Panck,7
Danoue92,1
Paullittle1979,0
SarahS1982,4
Anrnusna,14
Derekdoth,13
Ldorn1227,2
Nguyen.mkhoa,0
Thingol,0
Tirthakanji,0
Mostadorthsander,0
CBriones001,1
The Neutral Man,0
Hansika.n,2
LuqmanJM99,11
Rogere,0
NTSonline,2
John.Donoghue,0
Nina-chii,0
Bluewavedragon,38
Grueslayer,36
CendioOssman,2
Birder234,0
Nirbhai1699,5
Immoxal,0
ArcWolf1,1
Isabelcgalvis,0
Apogalacticon,18
Tomdavx,0
Prajwalkumarmn,29
DC9001,5
Claire.Edelman,3
Lisabeebe,3
Rgolds1203,5
Junsu.shinn,3
Bjoyce1,0
ELocked,0
Cobracommand0,0
Keeponthesunnyside,0
M. A. Ahmedi,4
Spirit mix,0
AlbertAndTheLion,4
Werddemer,15
Bestfootie,0
Pds1011,2
GrantWishes,3
DraconiansUnleashed354,0
Jing345,49
McLean.Alex,2
Longerboats5,0
Kdunnigan,1
Jesse.C25,0
Krhazymonkey83,15
Jeude54cartes,0
Mavorik1,0
Morganclem,4
Desdetj,0
Smaccer,0
SamDumcum,0
Jamez1502,22
Jack C2,0
Sirmouse,4
Salsakesh,6
Kenzumi,0
WPGA2345,13
Qqflatron,11
WillJonassen,1
Triklod,0
Paulmergel,0
Adebola Rayo,2
Harsh8feb,23
Mithiladesam,0
Daniel Adams Hewlett,4
Wikiluke11111,0
Linealgae65421,0
Sachinjangra0,5
Hareshrohan,0
TrinititeOryx,0
Petergalt1980,0
Tinkielover77,0
Thegrammarfixer,0
Kaylaborrunda,0
Adraenyse,0
WolfNoise97,1
Realmixwell,1
TheAmurTiger,1
Qudas,6
Andru.miller,0
Zedekiah Nandwa,0
Bloodclan,0
Arwa syr,0
Katherineatnokia,0
A. Patrick DeAula,0
Tharangac,0
Cctnas,0
Esha Wagle,0
Rrobi332,0
Nicecap,0
SSp3,0
Shreshta chatterjee,0
Danwe From the Other Planet,0
Rogers Bildadi Mfinanga,0
Seherring,0
Topu Barua,0
Mydriver1998,0
Chaoarren,0
Aseemdgr8,0
Josevemmeli,0
Futurecelebrities,0
Perazza,0
Eliot1966,0
Mohsinadia,0
Srahuls,0
Rati Ranjan Roy,0
Ericwillies663,0
CollectiveWisdomAtom,0
Vivekchaudhary1,0
Matheus de Sousa Lopes,0
Waimouri,0
73% Geek,0
Jas Ker,0
Mopodlaha,0
Aindoo Man,0
Hamada.Alshaer,0
Tahammond,0
Jaggu240,0
Luko devine,0
Ludi Wang,0
Ilschneerson,0
Stephenrusk,0
Gemsandu,0
Gholstein13,0
Mohtishimzahra,0
Pocketpence,0
Kickerpicker,0
Rasulzade,0
Blazingtech,0
Munish sharma baijnath,0
Philippe Soulet,0
Kaare2105,0
Ameer saadallah,0
Master Fakhrey,0
Krupal27,0
Thankyouforbeauty,0
Marta Bielak,0
Darexo,0
Jdepass,0
Bvurt12,0
Jscott88,0
Meanumol,0
Shawnmattson10,0
Wippa,0
Pw37581,0
Moray hillary,0
Pamqnw123,0
Mdrehan4all,0
Harryonradio,1
MomoChiba,0
Deathsnyper,0
MesKalamDug,0
Info.pathein1988,0
Jairaj thinger,0
Rhhafiz,0
Bhagyalogy,0
Djrico120,0
Warsameg,0
Wamilne,0
Hlrozell,0
LeroyJGibbs9,0
Dhrupadj,0
Adarsh Ad,0
HLS Floxis,0
Malsawmtluanga molsom,0
Rikzzaibi,0
Ctmathies,0
Miss.most.gorgeous.rabia,0
Farhan Mahbub,0
Malik ali raza,0
Meanmom4,0
Mandivali,0
Thebeastt,0
Groshi chongroju,0
I like corndogs,0
Lilyweeds,0
Tpfingsten,0
Muzaphershah,0
Vikax,0
JEKWU EDEH,0
ShadowtailedFox,0
Teamkric,0
Adama Melchizedek,0
Mrriazz,0
Geevonchi,0
Nescoshaktikarmacharisangha,0
Hague2000,0
Peachell,0
Yilmazkaba,0
AlanClifford419,0
Divsahib,0
Hephzibah007,0
Abipooshan2014,0
Michel luc bellemare,0
Totally-king,0
Redrawnoxen,0
NiallNaughton,0
Nslvr,2
DTBritton,0
P.k.baskaransanthi,0
Oladsmighty,0
Shahidshah 66,0
Ensignbeerfist,0
Manish Negi,0
Ranjeevhari,0
Alok Chowdhury,0
HKbrit,0
Kunal Dutt,0
JenTintheD,0
Mattythomass,0
Margo Sargsyan,0
Adarshnigam,0
Vantbenson,0
Yoannou300,0
Shatileng,0
Johnwstreet,0
Pievegas,0
Suzukigoro,0
Maradonna,0
Byravcev,0
NGroup1212,0
Kevinwolf228,0
Argent2,0
Iamjoybanerjee,0
Policytics,0
Mylene Gadrat,0
Whitsett,0
Ahmed Al Abas,0
Swiss khalifa,0
Vipkavi,0
Benedanika,0
Loulou660,0
Simion Zafiu,0
EatMyVegetables,0
Bjaffe10,0
Sarajaner,0
SonOfARefugee,0
Dreamtheaterforums,0
Hilary.Donaldson,0
AppalachianWoman,0
McJAH,0
Prashant Salve,0
Music nerd101,0
Tourism Committee ICCIMA,0
Bsmihali,0
Silverstreak Folf,0
Birdsareawesome,0
153Daniel,0
Dentisdark,0
Samej1902,0
Sea8ch,0
Seven.zhou.11,0
Semahawk,0
KairosoftFans,0
MasterAcademyToronto,0
Honestjoe54,0
Shriniwass,0
B.M NKALA,0
M.Felicity Biggans,0
Sglammela,0
Elf X,0
Mogoeilor,0
Truestorybrother,0
EnderClimaxx,0
Praveen2pradhan,0
Kenhamish,0
Greypokemon,0
Jibsta210,0
Furtivead,0
Ben Jokinen,0
Abbdulraaffeiy,0
Janedoe64,0
LuliTravis,0
ChaoticXdeath,0
Mux7000,0
Doratheexplorer007,0
Danidiva73,0
Bradleykippax,0
Muhammad.ulusyar,0
Tcs46,0
FreyGod,0
Gnimming,0
Adeola Babatunde,0
VandaGuy,0
Rushil Dewaskar,0
Robin Ehsan,0
Clone784,0
Mushtaqshiekh,0
Velpister,0
Impossiblymad,0
Billschuffenhauer,0
Devrisha,0
YukitoFear,0
Youssof el hallal,0
EngineeringWeb,0
MelvinPS,0
Awsomenessclover,0
Frante Camar,0
Goodgrounds,0
Pierre Saguet,0
Brenda A Jenkins,0
KingMarbus,0
Jtyree1,0
Nate at StickyLife,0
Surinderkindlebit,0
Mrasta4836,0
Arash nasajpour,0
Aaroncosta3,0
Efwww,0
